文档ID,簇编号,原文片段（分词行）
1,0,科技 MP3 白领丽人 索爱 SA 上市 插式 MP3 兼顾 工作 娱乐 广受 商务人士 白领丽人 喜爱 市面上 插式 MP3 国产 线条 粗狂 做工 粗糙 待...
2,0,科技 光学 变焦镜头 三星 WB1000 外观 三星 WB1000 整体 轻薄 3.0 英寸 具有 万色 屏幕 有着 不错 显示 效果 机身 尺寸 mm 重量 ...
3,1,财经 市场 能否 延续 强势 华安 基金 关注 板块 晨报 李锐 行情 超过 市场 预期 延续 强势 华安 基金 公司 发布 策略 报告 指出 市场 有望 延续...
4,4,游戏 启示录 初章 图文 攻略 一序 上帝 创始 创造 七个 天使 称为 创世 七位 天使 灵质 总和 等于 上帝 第一件 作品 路西 灵质 最强 相当于 上帝...
5,3,体育 奥尼尔 看着 五冠 破灭 终场哨 响起 詹姆斯 德维恩 韦德 相拥 热火 主场 战胜 波士顿 总比分 淘汰 对手 晋级 决赛 主场 一片 欢腾 沙奎尔 奥...
6,3,体育 教父 不配 总冠军 夺冠 补充 一种 韦斯特 湖人队 教父 做客 著名 节目 湖人队 角度 谈及 湖人队 小牛队 横扫 看法 访谈 摘译 吃惊 韦斯特 吃...
7,1,财经 季报 业绩 隐忧 基金 重仓股 集体 熄火 巩万龙 发自 深圳 市场 A股 显现 众生相 小盘 题材股 严重 分化 基金 重仓股 整体 煤炭 有色 地产 ...
8,5,娱乐 首创 接吻 纪录 中国 版本 一刀 电影 量子 危机 中国 内地 抢先 公映 作品 导演 风筝 马克 福斯特 执导 一集 大战 皇家 赌场 第六代 詹姆斯...
9,0,科技 单反相机 首选 宾得 K x 长沙 热卖 C168 中关村 湖南 宾得 机器 弱光 对焦 能力 困扰 众多 P 用户 宾得 意识 推出 Kx 换用 传感器...
10,4,游戏 宝贝 梦网 怪物 攻城 刷装备 装备 护身符 一套 装备 走遍 宝贝 国度 玩家 渴望 黄装 装备 错过 怪物 攻城 装备 公式 几率 梦寐 黄装 怪物 ...
11,4,游戏 侠义 OL 买金 卖金 体验 交易 游戏 游戏币 发展 犹如 口袋 人民币 购买 件物品 侠义 途径 游戏币 一点 核心 一点 到达 肯定 级别 条件 副...
12,4,游戏 手机 网游 时空 全民 植树 极品 装备 三月 草长鹰 飞间 寒意 褪尽 绿色 气息 走来 春风 枝头 嫩芽 小草 时空 OL 大地 植树节 来临 时空 ...
13,1,财经 ETF 抢前 别冶 发自 北京 据悉 上证所 发展 ETF 工作 重点 上证所 举行 年度 新闻宣传 座谈会 上证所 理事长 耿亮 明确指出 产品 创新 ...
14,1,财经 华商 盛世 基金 收益 超过 王文清 截至 华商 盛世 成长 基金 收益率 40.11 跻身 晨星 三个 回报 晨星 数据 统计 截至 上周五 股票 配置...
15,4,游戏 豪侠 结拜 系统 受热捧 上线 豪侠 结拜 系统 推出 受到 众多 玩家 猛烈 追捧 梁山泊 忠义堂 引领 车水马龙 组队 经验 好友 忠义堂 结拜 人物...
16,3,体育 VS 队友 挑毛病 停摆 愿去 CBA 打球 北京 媒体 势利 第一场 替补 出场 拿下 詹姆斯 第二场 出手 得分 人影儿 不着 热火 巨头 配角 本赛...
17,1,财经 银河 基金 国金 证券 投研 能力 五星 评级 潘琦 国金 证券 发布 评级 报告 显示 银河 基金 荣获 投研 管理 能力 公司 综合 基本 实力 评价...
18,3,体育 詹韦 不惧 鲨鱼 绿军 添翼 皇帝 不会 计划 北京 热火 对决 鲨鱼 奥尼尔 两位 队友 对决 谈及 奥尼尔 不会 复出 主帅 答案 参加 系列赛 信心...
19,0,科技 H .264 编码 松下 GF1 套机 售价 松下 GF1 继承 来自 松下 诸多 智慧 功能 包含 智能 场景 模式 脸部 检测 亮部 阴影 自动 调整...
20,0,科技 全高清 数码 摄像机 松下 HS20 作者 陈亮 北京 行情 松下 HS20 英寸 MOS 感光 元件 全高清 数码 摄像机 拍摄 全高清 分辨率 格式 ...
21,5,游戏 手机游戏 阿凡达 代理权 手机游戏 阿凡达 电影 正版 中国 代理权 引进 游戏 文化部 审批 文化部 网络游戏 内容 审查 申报 查询 系统 显示 文化...
22,3,体育 双塔奇谋 阿联 雷霆 哆嗦 雷霆 系列赛 第三场 双方 出奇 收到 奇效 比赛 灰熊 变招 一招 效果 不错 比赛 灰熊 落后 下场 休息 上场 伊朗 中...
23,1,财经 股票 仓位 牛市 水平 投资 策略 新快报 吴谭 业绩 报告 证实 反弹 行情 基金 扮演 搭车 基金 未能 抓住 涨幅 最大 股票 增持 股票 策略 防...
24,0,科技 千万 超广角 松下 ZS3 观点 松下 ZS3 兼顾 广角 长焦端 成像 能力 焦距 范围 mm 像素 英寸 液晶显示 屏幕 像是 效果 出众 具备 智能...
25,1,财经 博时基金 举办 高端 论坛 安仲文 黄金 基金业 发展 步入 年头 投资者 教育 公司 重视 信心 中国 价值 博时基金 高端 论坛 博时基金 大学 内容...
26,0,科技 发挥 个人 创意 日本 绿屋 DIY 耳塞 GLITTER 日本 GREEN HOUSE 旗下 数码产品 一贯 新颖 时尚 设计 著称 推出 更换 面板 ...
27,5,娱乐 迪士尼 公主 青蛙 剧照 设计图 曝光 娱乐 迪士尼 动画 工作室 Walt Disney Animation Studios 开通 官方网站 曝光 动画...
28,0,科技 原厂 mm 镜头 宾得 防抖 K 套机 降价 作者 中关村 陈亮 中关村 数码相机 行情 宾得 K 像素 成像 能力 机身 防抖 功能 P 高清 摄像 英...
29,5,娱乐 木乃伊 中文 海报 出炉 主角 有望 来华 本报讯 杨林 好莱坞 大片 无敌 浩克 又名 神奇 绿巨人 全面 上映 一部 大片 确定 上映 木乃伊 李连杰...
30,1,财经 信货 缩短 理财 周报 王小静 文泰 收益 减持 品种 业绩 增长 贡献 部分 利润 股市 转暖 创业板 开闸 收益率 低位 徘徊 因素 货币 市场 基金...
31,3,体育 波什 媒体 冷遇 龙王 落枕 北京 波士顿 篮板 波什 客场 第一战 软蛋 热火 主帅 波尔 弟子 理由 龙王 脖子 部位 神经 受压 症状 斯帅 时刻 ...
32,1,财经 型基金 密集 分红 基金 新华社 月份 反弹 行情 惠及 基金 部分 业绩 偏股 型基金 分红 相投 统计 截至 实施 分红 偏股 型基金 不含 QDII...
33,0,科技 热门 画幅 佳能 DMarkII 单机 降价 中关村 数码影像 行情 佳能 D Mark II 有效 像素 画幅 单反相机 拍摄 分辨率 全高清 动态 影...
34,4,游戏 手机 网游 封神 ol 个性 宝石 经典 集合 宝石 极品 武器 一种 增值 优势 封神 ol 宝石 属性 强劲 属性 宝石 称霸 关键所在 不同 装备 ...
35,2,体育 湖人 全能王 禅师 对骂 长枪 炮导 反击 北京 半决赛 继续 洛杉矶 湖人 坐镇 主场 再战 小牛 系列赛 首战 冷门 湖人 领先 时刻 小牛 翻盘 上...
36,1,财经 基金 王艳伟 首批 新疆 安徽 认购 基金 新品种 兴趣 发行 收益率 接近 国债 流动性 肯定 国债 吸引力 小于 国债 深圳 一位 货币 市场 基金 ...
37,1,财经 世界 顶尖 基金 经理 百亿美元 英国 卫报 金融 海啸 横扫 全球 全球 顶级 对冲 基金 经理 亿美元 顶尖 亿美元 收入 援引 对冲 基金 行业 杂...
38,0,科技 GIZMON 推出 饼干 专用 鱼眼 转接 鱼眼 镜头 有着 独特 视觉 魅力 受到 很多 摄影 好者 欢迎 关注 MICRO 系统 专用 鱼眼 镜头 系...
39,4,游戏 仙剑 奇侠传 忘情 唯美 古典 场景 玩家 曝光 经典 场景 场景 了美 相信 看到 肯定 ETGAME 恒信 美术设计 古韵 漂亮 看似 美术设计 几易...
40,0,科技 口袋 触屏 高清 拍摄 索尼 T900 山东 IT 索尼 T900 蛋网 赠送 G 记忆棒 价值 CaseLogic 卡片机 专用 售价 索尼 T900 ...
41,3,体育 奇才 弹簧 球场 殊荣 扣篮 赛失 冠军 吉尼斯 北京 NBC 华盛顿 NBA 扣篮 大赛 很多 球队 贾维 麦基 遗憾 绝不比 冠军 布雷克 格里芬 冠...
42,3,体育 火箭 帅位 竞争 阶段 专家 一周 内定 新帅 人选 北京 美国 体育 电台 采访 休斯敦 纪事报 专栏 理查德 贾斯 后者 透露 火箭 主帅 人选 有望...
43,1,财经 华夏 基金 潜伏 再赌 收购 早报 理财 周报 研究员 梅聪 集团 创出 新高 回顾 市场 低点 8.03 一路 上涨 区间 最大 涨幅 接近 展开 宽幅...
44,4,游戏 女儿国 OL 实力 女王 宝宝 访谈 访谈 主题 女儿国 OL 闯荡 结识 朋友 有着 姐妹 兄弟 宝宝 游戏 经历 玩家 介绍 宝宝 可爱 女生 综合 ...
45,0,科技 全金属 机身 三星 YP P3 作者 毛晓曼 三星 YP P3 支持 蓝牙 传输 连接 DNSe3 .0 音效 触摸 回馈 性功能 市场 售价 GB 购买...
46,4,游戏 D 网游 赤壁 OL 诸侯 大战 开启 外戚 宦官 专权 皇权 衰微 王朝 镇压 黄巾 过程 形成 豪族 军事 势力 拥兵 割据 一方 军阀 争夺 地盘 ...
47,4,游戏 文明 II RMB 玩家 玩转 乾坤 文明 II 大家 走过 一段 感谢 玩家 文明 II 一路 支持 厚爱 希望 大家 支持 文明 II 大家 看看 R...
48,3,体育 灰熊神 雷霆 犯晕 输球 系列赛 北京 主场 完成 击退 雷霆 总比分 领先 拿下 篮板 康利 马克 加索尔 篮板 替补 出场 OJ 梅奥 拉塞尔 助攻 ...
49,3,体育 数据 趣谈 詹韦 双剑合 雷霆 铁桶阵 死灰 北京 NBA 比赛 比赛 诞生 有趣 数据 德维恩 韦德 詹姆斯 率领 热火 战胜 季后赛 淘汰 绿衫 队友...
50,1,财经 基金 从业者 加仓 基金 早报 肖莉 华夏 嘉实 海富通 基金 公司 披露 年报 WIND 资讯 统计 披露 年报 包括 A B C 基金 基金 持有 基...
51,3,体育 热火 双侠 最强 团队 詹韦 北京 热火 主场 击败 总比分 晋级 决赛 詹姆斯 篮板 助攻 韦德 篮板 助攻 抢断 双侠 担任 佛罗里达州 巨星 詹姆斯...
52,5,娱乐 明亮 女主角 敲定 娱乐 台湾 导演 明亮 新片 女主角 敲定 欧洲 名模 Laetitia Casta 担纲 登上 法国 ELLE 杂志 封面 庆祝 主...
53,5,娱乐 七龙珠 粉丝 不满 好莱坞 龙珠 好莱坞 真人版 七龙珠 上映 引来 骂声 中国 内地 北美 半个 多月 抢先 看到 七龙珠 悟空 身为 十八岁 美国 高...
54,5,娱乐 X 战警 金刚 海报 剧照 曝光 娱乐 北京 北美 媒体报道 世纪 福克斯公司 th Century Fox 曝光 X 战警 金刚 X Men Origi...
55,3,体育 热火 主帅 感叹 五个 大山 斯帅 LBJ 完美 表演 北京 开局 完美 完美 热火 厉害 球员 擅长 方式 主场 击败 老大哥 晋级 决赛 整整 五个 ...
56,0,科技 单反相机 索尼 索尼 有效 像素 CCD 配合 BIONZ 影像 处理器 能够 帮助 人们 轻松 美丽 画面 索尼 提供 优先 光圈 优先 程序 自动 全...
57,4,游戏 海贼王 欢庆 五一 打怪 宝藏 五一 海贼王 一起 乐翻天 劳动 人民 大家 一起 战斗 宝箱 高额 奖励 活动 第一 部分 2010.4.29 2010...
58,1,财经 张远忠 解读 稳健 成长 分红 条款 财经 媒体报道 北京 问天 律师 事务所律师 张远忠 状告 稳健 成长 违法 分红 一事 财经 邀请 当事人 北京 ...
59,0,科技 数码相机 富士 J35 富士 J35 搭载 2.3 英寸 有效 像素 CCD 传感器 光学 变焦 施耐德 镜头 支持 双重 防抖 功能 等效 焦距 mm ...
60,3,体育 名嘴 缺乏 危机感 范甘迪 机会 北京 湖人队 做客 一阵 ESPN 电视台 全美 直播 名宿 马克 杰克逊 范甘迪 点评 马克 杰克逊 批评 湖人队 危...
61,0,科技 腾龙 mm F2 .8 XR 广角镜头 样张 镜头 腾龙 公司 旗下 APS C 专业 镜头 SP AF mm F2 .8 XR Di II VC 推出 ...
62,1,财经 易方达 ETF 领跑 指数 基金 证券时报 本报讯 股市 基金 公司 成绩单 出炉 指数 基金 基金 公司业绩 增长 规模 增长 亮点 份额 加权 平均 ...
63,1,财经 基金 缩水 景顺 长城 居首 投资者 常阳 资产 管理 份额 素来 衡量 一家 基金 公司 实力 重要 指标 份额 影响 基金 公司 管理费 高低 基金业...
64,5,娱乐 独家 策划 汤姆 克鲁斯 精华 串串 娱乐 权威 官方 数据 显示 汤姆 克鲁斯 纪念日 一段 漫长 过程 明星 坚持 肯定 大风大浪 世界 变化 汤姆 ...
65,0,科技 G B超 大容量 DV 三星 H106 带票 售价 作者 李金昊 北京 行情 三星 H106 GB 容量 固态 硬盘 存储空间 超过 市场 最大 容量 G...
66,1,财经 华宝 证券 基金 代销 资格 张雪 华宝 证券 了解 公司 证券 投资 基金 代销 业务 资格 全面 基金 销售市场 华宝 兴业 旗下 部分 基金 增加 ...
67,0,科技 搭配 mm 镜头 佳能 D 套机 售价 外观 佳能 D 全黑 外壳 很强 专业 档次 三围 尺寸 128.8 97.5 61.9 mm 看起来 气势 取景...
68,1,财经 基金 年报 A股 定调 机会 风险 吴晓婧 机会 风险 基金 A股 市场 预判 显得 谨慎 乐观 低利率 较低 资产 价格 构成 股票投资 一年 吸引力 ...
69,5,娱乐 演员 饰演 戈登 探长 娱乐 美国 著名演员 Pat Hingle 癌症 享年 电影 电视 戏剧 舞台 丰富 表演 经历 饰演 角色 著名 蝙蝠侠 电影 ...
70,1,财经 诺安 增利 债券 基金 获批 诺安 基金 旗下 第八 开放式 基金 诺安 增利 债券 基金 获批 发行 基金 债券 资产 投资 比例 低于 基金 资产 债...
71,4,游戏 神契 OL 内测 火爆 客户端 发布 神契 online 开启 内测 关注 玩家 聚集 神契 online 游戏 创造 属于 神契 世界 第一个 奇迹 海...
72,0,科技 高清 超薄 卡片 DC 索尼 T90 带票 中关村 数码相机 行情 T77 T90 很多 做出 明显 升级 增加 有效 像素 支持 流行 高清 视频 拍摄...
73,5,娱乐 斯莱特 影后 曝用 洗发水 模拟 获奖 新民 奥斯卡金像奖 颁奖典礼 获悉 斯莱特 摘得 奥斯卡 影后 桂冠 金球奖 双料 影后 斯莱特 读者 The R...
74,3,体育 邓肯 马努 巴蒂尔 挥别 火箭 幸福 西区 季后赛 首轮 孟菲斯 主场 力克 圣安东尼奥 马刺 系列赛 淘汰 马刺 完成 NBA 历史 第四次 黑八 奇迹...
75,4,游戏 拉阔 动作游戏 武神 新鲜出炉 拉阔 动作游戏 武神 新鲜出炉 神秘 侠客 绝世 高手 不败 传说 故事 猎艳 惊魂 奇门遁甲 一统 中原 远古 传说 种...
76,3,体育 绿军 掌门人 淘汰 伤病 后悔 帕金斯 北京 ESPN 波士顿 东区 半决赛 热火 淘汰 宣告 绿衫 复兴 计划 失败 总经理 丹尼 安吉 本赛季 十分 ...
77,1,财经 券商 基金 分仓 佣金 中金 公司 收获 巩万龙 熊市 基金 规模 万亿 缩水 万亿 基金 买卖 股票 形成 交易 佣金 缩水 Wind 统计数据 显示 ...
78,0,科技 具有 光学 变焦 佳能 G11 作者 田源 设计 保留 广受 好评 双层 转盘 曝光 补偿 转盘 具有 直观 操作性 高品位 设计 手动 操作 旋转 液晶...
79,4,科技 全球 首款 AurvanaX Fi 保真 降噪 耳机 上市 创新 推出 世界 首款 X Fi 保真 降噪 耳机 Aurvana X Fi 降噪 环绕 X ...
80,3,体育 马布里 沈阳 欢乐 庆生 获赠 玉马 球迷 马求恩 外号 北京 CBA 联赛 比赛 一天 马布里 佛山 队友 一起 参加 适应性 训练 回到 酒店 熟悉 ...
81,3,体育 老鹰 vs 公牛 两队 阵容 不变 玫瑰 轻伤 上场 北京 半决赛 回合 芝加哥 公牛 主场 迎战 亚特兰大 老鹰 第一 回合 教练 公牛 意外 败给 老...
82,4,游戏 封神 ol 激情 双倍 好消息 尾随 是否 盘算 放松 一下 疲惫 身心 惊喜 封神 ol 玩家 准备 精彩 双倍 活动 激情 狂欢 时刻 全部 服务器 ...
83,4,游戏 棒棒 小凤姐 宇宙 沉默 三百年 三百年 六百年 超过 江苏 卫视 情感 类节目 人间 视频 小凤姐 宇宙 安静 女子 多媒体 极品 大家 节目 遇过 极...
84,5,娱乐 法国电影 享年 娱乐 北京 法国 知名 电影 巴黎 一家 医院 病逝 享年 法国 电台 电视台 重要 时段 新闻节目 播出 法国 制片人 哀悼 法国 一台...
85,3,体育 奥尼尔 热火 复出 鲨鱼 能否 局势 北京 热火 半决赛 开打 第一 回合 球场上 追寻 鲨鱼 沙奎尔 奥尼尔 身影 伴随 摄影 镜头 看到 奥尼尔 身着...
86,3,体育 唐正东 缺阵 山东 江苏 试训 外援 鲁军 苦主 中山 丢掉 百万 奖金 山东 黄金 男篮 遗憾 回到 济南 客场 惨败 广东 宏远 全队 认清 形势 回...
87,0,科技 i 全高清 拍摄 DV 佳能 HF20 套装 作者 李金昊 北京 行情 佳能 HF20 i 全高清 拍摄 性能 数码 摄像机 产品 具有 光学 变焦 能力...
88,0,科技 时尚 家用 卡片机 柯达 C140 单机 作者 李金昊 柯达 C140 出色 识别 多张 人脸 准确 对焦 曝光 机型 C140 内置 多种 情景模式 方...
89,0,科技 格式 全高清 接口 蓝魔 T11TE 上市 作者 毛晓曼 了解 历时 半年 开发 T11TE 发布 瞩目 P 全高清 PMP 产品 魔音 悦汇 T11TE...
90,0,科技 光学 变焦镜头 索尼 WX1 抢先 评测 作者 石筱轲 领域 名词 大家 关注 背照式 传感器 传感器 感光 元件 物理 结构 调整 理论 成像 水准 索...
91,3,体育 公牛 vs 老鹰 IV 榜眼 板凳 内线 炮灰 北京 半决赛 老鹰 公牛 第四场 展开 老鹰 打出 方法 限制 罗斯 双方 公牛 罗斯 基斯 博甘斯 洛尔...
92,5,娱乐 丹尼 新片 贫民窟 百万富翁 早报 张悦 编译 火车 英国 导演 丹尼 博伊尔 好莱坞 成功 选择 印度 重新 新片 贫民窟 百万富翁 视角 深入 孟买 ...
93,0,科技 高清 防抖 卡片机 索尼 T900 套装 作者 李金昊 硬件 配置 搭配 索尼 2.3 英寸 小S uper HAD CCD 传感器 T900 有效 像素...
94,0,科技 光学 变焦镜头 三星 ES60 三星 ES60 机身 设计 时尚 小巧 三围 尺寸 94.1 x62 .7 x25 .2 mm 方便 机身 塑料 磨砂 材...
95,0,科技 4.6 光学 变焦 松下 FP8 套机 松下 FP8 外观 小巧 精致 简洁 金属工艺 处理 兼具 女性 消费 群体 合适 提供 奢华 尊贵 金色 品位 ...
96,5,娱乐 休斯敦 影评人 协会 揭晓 力挫群雄 娱乐 北京 火箭队 主场 休斯敦 影评人 协会 Houston Film Critics Society Award...
97,4,游戏 封神 ol 资料片 免费 上线 封神 决战 资料 首次 大胆 开放 免费 自动 升级 系统 玩家 手动 打怪 轻松 经验 实现 意义 免费 升级 封神 决...
98,0,科技 低价 高清 播放器 HOTT HD360 上市 作者 中关村 毛晓曼 HD360 HOTT 入门 用户 打造 高清 产品 产品 上市 具有 粉红色 两种 ...
99,0,科技 光学 变焦 佳能 SX200 外观 佳能 SX200 红色 蓝色 黑色 三种 颜色 显示屏 英寸 LCD 像素 图像 显示 清晰 外形 尺寸 60.5 3...
100,0,科技 智能 拍摄 卡片 三星 ST50 丰富 配件 观点 三星 ST50 体现 智能 拍摄 理念 自动 智能 识别 场景 信息 拍摄 人像 美容 性能 光学 变...
101,1,财经 索罗斯 排名 第四 综合 美国 机构 投资者 杂志 阿尔法 披露 投资人 赚钱 榜单 显示 对冲 基金 经理人 赚取 亿美元 金融危机 打击 自大 萧条 ...
102,0,科技 潮流 时尚 家用 卡片 DC 佳能 IXUS95IS 作者 飘雪 佳能 IXUS IS 圆滑 棱角 设计 手持 舒适 磨砂 金属工艺 外壳 精致 细腻 柠...
103,4,游戏 微软 手机游戏 植入 木马 盗打 国际 来自 媒体 英国 公司 Sophos Graham Cluley 博客 撰文 指出 Windows Mobile ...
104,3,体育 神迹 雷霆 最大 难题 胖子 北京 主场 力取 雷霆 总比分 扳成 双方 第七场 生死 大战 一节 拿下 全场 贡献 篮板 获胜 最大 功臣 第四节 比赛...
105,0,科技 单机 尼康 清单 D90 低价 中关村 数码相机 行情 尼康 数码 单反相机 D90 像素 成像 能力 具备 高清 动态 视频 摄像 功能 套机 配备 尼...
106,0,科技 超薄 时尚 家用 索尼 W190 配置 索尼 W190 传感器 尺寸 2.3 英寸 有效 像素 Super HAD CCD 索尼 W190 镜头 一枚 光...
107,0,科技 时尚 家用 卡片机 柯达 C140 柯达 C140 银色 机身 众多 时尚 漂亮 卡片机 相比 起来 显得 柯达 C140 搭配 千万级 像素 CCD 有...
108,4,游戏 天域 OL 合区 作战 最新消息 天域 OL 七区 烟雨 狂歌 八区 梦幻 桃源 合并 不用 合区 玩家 汇聚一堂 一场 激烈 PK 顺势 展开 点整 服...
109,5,娱乐 好莱坞 热衷 总统 曼德拉 林肯 人物 传记片 好莱坞 热衷 拍摄 几部 描写 政治 人物 主题 影片 扎堆 美国 现任 总统 小布什 主人公 影片 W ...
110,5,娱乐 法国 历史学家 被判 诽谤 纪录片 达尔文 噩梦 新华网 巴黎 法国 一名 历史学家 两年 指责 纪录片 达尔文 噩梦 被判 诽谤罪 成立 奥地利 导演 ...
111,4,游戏 昆仑 奇侠 移动 至尊 名词解释 中国 移动 至尊 中国 移动 汇集 数十名 手机游戏 专业 玩家 组成 评审团 百款 手机游戏 挑选 五款 精品 组成 ...
112,1,财经 基金 分红 公告 早报讯 孟梅 实习生 包括 媒体 部分 基金 投资者 分红 一事 密集 基金 分红 明显增加 基金 发布 分红 公告 国海 富兰克林 基...
113,4,游戏 手游 启示录 正式版 小锤 妙用 开路 破障 拓道 妙用 胜过 愚公 魄力 简乐 豪华 巨作 启示录 启示录 豪华 制作 角色扮演 游戏 升级 引擎 游戏...
114,3,体育 探花郎 拯救 报销 奇兵 内线 进攻 遏制 外线 能站 出来 鲁迪 O J 梅奥 外线 第一 单打 比赛 下半场 出场 梅奥 不错 第一节 结束 格雷维 ...
115,3,体育 皇帝 更衣室 说唱 表演 大声 北京 波士顿 热火 优势 来到 波士顿 征战 客场 神情 明显 常规赛 两次 改观 热火 更衣室 开放 众多 进去 空间 ...
116,4,游戏 手机 网游 神域 OL 武器 升级 详解 记得 神域 OL 官方 好久 一篇 升级 装备 文章 个人 小弟 算是 神域 玩家 见解 大家 分享 一下 武器...
117,5,娱乐 奥立佛 斯通 委内瑞拉 总统 查维斯 纪录片 娱乐 喜欢 争议 题材 导演 奥立佛 斯通 Oliver Stone 镜头 对准 委内瑞拉 总统 查维斯 H...
118,5,娱乐 克罗斯 生死 朗读 勤练 英语 情爱 场面 不靠 演技 娱乐 生死 朗读 大家 注目 焦点 放在 奥斯卡 影后 斯莱特 斯莱特 德国 年轻 男星 戴维 克...
119,4,游戏 手机 网游 天域 OL 摇摇 惊喜 飞来 一曲 笙歌 如海 千门 灯火 送走 喜庆 热闹 天域 OL 世界 正月十五 准备 一天 花灯 习俗 预示 和和美...
120,5,娱乐 提名 领跑 温哥华 影评人 协会 娱乐 第九届 温哥华 影评人 协会 Vancouver Film Critics Circle Awards 简称 VF...
121,4,游戏 赤壁 OL 三八节 双倍 结婚 生子 阳春 三月 热烈庆祝 两会 胜利 召开 喜庆 日子 迎来 赤壁 OL 第一个 三八 妇女节 活动 女生 主城 活动 ...
122,5,娱乐 西恩 喜剧 活宝 凯瑞 有望 加盟 奥斯卡 影帝 严肃 电影 著称 好莱坞 影星 西恩 潘将 出演 经典 翻拍 喜剧 活宝 活宝 美国 世纪 喜剧 明星 ...
123,1,财经 封闭式 基金 分红 本报讯 吴倩 陈芳 基金安 发布公告 分红 第一 年度 收益分配 封闭式 基金 投资者 盼望已久 封闭式 分红 大幕 拉开 A股 市场...
124,5,娱乐 罗马 影展 闭幕 意大利 阿富汗 影片奖 中新网 中央社 第三届 罗马 国际 影展 颁奖 闭幕 意大利 影片 八一 决议案 阿富汗 影片 鸦片战争 观众 ...
125,1,财经 两市 基指 低开 收跌 封闭式 基金 别冶 市场 下跌 影响 两市 基指 低开 小幅 下跌 基指 1.49 收于 3076.78 基指 1.45 收于 3...
126,4,游戏 蜀山 剑侠 经典影片 蜀山 剑侠 同名 版权 游戏 震撼 抢滩 登陆 手机 方寸 平台 仙侠 狂潮 重现 影片 恩仇 战斗 引擎 RPG 战斗 简单 攻击...
127,5,娱乐 组图 海瑟薇 热舞 嘉宾 大腿 搞怪 娱乐 北京 美国 奥斯卡金像奖 颁奖典礼 洛杉矶 柯达 剧院 举行 奖项 揭晓 颁奖礼 现场 主持人 曼一改 硬汉 ...
128,1,财经 基金 明星 收益率 证券时报 杨磊 基金 业绩 榜单 出炉 基金 业绩 投资者 关注 焦点 成立 基金 世纪 成长 金鹰 红利 银华 领先 基金 收益率 ...
129,5,娱乐 李安 顾问 阳阳 力捧 新导 杰出 柏林 娱乐 李安 顾问 李岗 监制 郑有杰 执导 新片 阳阳 于柏林 全景 单元 首映 男女 主演 张榕 容均 现身 ...
130,5,娱乐 皮帕李 私人生活 首映 领衔 群星 娱乐 电影 皮帕 私人生活 The Private Lives of Pippa Lee 举行 首映 导演 丽贝卡 R...
131,4,游戏 OL 道具 优惠 让你玩 融合 回合制 MMORPG 元素 战争 策略 手机 网游 游戏 背景 玩家 带领 军队 成就 霸主 梦想 答谢 广大 玩家 厚爱...
132,2,体育 阿泰 道歉 媒体 冷漠 北京 湖人 野兽 罗恩 比赛 小牛 后卫 何塞 胡安 巴里 禁赛 一场 洛杉矶 时报 专栏作家 Mark Medina 面对 处罚...
133,4,游戏 手机 网游 灵兽 世界 祭奠 英雄 回归 万物 复苏 缅怀 逝者 祈福 人类 幸福 日子 灵兽 世界 贤者 全人类 祈福 仪式 祈福 仪式 多种 物品 贤...
134,0,科技 支持 光学 变焦 富士 J250 外观 上看 富士 机型 小巧 简洁 机身 黑色 机身 外壳 全金属 质感 显得 大气 沉稳 J250 英寸 液晶 显示屏...
135,4,游戏 明珠 三国 灯谜 喜庆 眼看 农历 正月十五 称为 灯节 农历 第一个 长假 第一个 重要 佳节 来临 掌上明珠 正统 三国 历史 题材 手机 网游 明珠...
136,0,科技 专业级 单反相机 宾得 K x 头套 售价 机身 尺寸 122.5 91.5 67.5 重量 g 轻便 黑色 机身 不锈钢 金属 构架 能够 带来 专业 ...
137,1,财经 荷银 品质 基金 募近 亿元 本报讯 邵泽慧 获悉 泰达 荷银 品质 生活 基金 结束 募集 首次 募集 金额 亿元 基金 发行 市场 抢眼 伴随 股市 ...
138,5,娱乐 中文 花絮 揭秘 McG 新片 终结者 娱乐 剧场版 终结者 Terminator Salvation 预告片 曝光 造型 设计师 马丁 Martin L...
139,3,体育 活塞 有望 转投 小牛 北京 底特律 自由 活塞队 防守 泰夏安 普林斯 一站 达拉斯小牛队 普林斯 新秀 主教练 执掌 小牛队 卡莱尔 卡莱尔 一名 强...
140,0,游戏 实用 英汉 大词典 登陆 天行 社区 热闹 天行 社区 新出 实用型 英文 词典 软件 传统 增加 库句 功能 词典 实用性 增强 本词典 具有 英汉 汉...
141,4,游戏 经验 封神 ol 新服 升级 截止 能比 封神 ol 轻松升级 手机 网游 经验 免费 挂机 经验 经验 双倍 翻番 入驻 封神 ol 升级 时机 经验 ...
142,1,财经 基指 1.88 基金 全线 上扬 全景网 日讯 基金指数 收高 双双 收复 关口 再创 反弹 新高 封闭式 基金 全线 上扬 宏观经济 数据 良好 预期 ...
143,1,财经 华商 旗下 大盘 王文清 统计数据 显示 上证综指 上涨 30.34 开放式 型基金 平均 净值 增长率 22.39 基金 业绩 超越 大盘 偏股 型基金...
144,4,游戏 乱世 资料片 解析 乱世 资料片 发布会 结束 乱世 诸多 劲爆点 浮出 水面 沉寂 冰封 大陆 迎来 转劫 重生 乱世 大陆 转生 系统 欢颜 笑语 浮...
145,5,娱乐 赵仁成 花店 出口 首演 同性恋 娱乐 赵仁成 朱镇模 主演 韩国 影片 花店 闭幕 美洲 电影 市场 AFM 上向 日本 德国 国家 出售 上映 版权 ...
146,4,游戏 手机 社区 棒棒 小声 说出 世间 想见 NO problem 小棒 信鸽 小棒 收到 玫瑰花 雪片 飞来 看来 大家 很多 知心 姐姐 大家 传情 达意...
147,2,体育 坚信 湖人 晋级 北京 季后赛 第三场 湖人 客场 挑战 小牛 不敌 对手 总比分 落后 出席 发布会 谈到 本场 比赛 感想 不错 不错 赢球 比赛 一...
148,5,娱乐 杰昆 不演 电影 音乐 出席 主演 新片 两个 情人 Two Lovers 首映式 杰昆 Joaquin Phoenix 镜头 伸出 拳头 Good By...
149,0,科技 妩媚 影像 生活 松下 GF1 抵达 西安 市场 新品 松下 GF1 数码相机 抵达 西安 市场 机器 首款 Micro 系统 伴随 两只 新款 镜头 L...
150,0,科技 搭配 镜头 佳能 D 山东 IT 佳能 EOS D 搭配 镜头 套机 商家 济南 彩虹 创造 报价 两年 佳能 EOS D 中端 数码 单反相机 像素 成...
151,4,游戏 手机 社区 棒棒 GM 明星 猜猜猜 同学 明星 极大 丰富 业余生活 感到 开心 小棒 出题 每题 汉语拼音 拼出 经典 角色 名称 绰号 说出 饰演者...
152,5,娱乐 李安 伍德斯 口碑 好坏 参半 影评 大杂烩 娱乐 李安 新片 世纪 伍德斯 音乐节 背景 Taking Woodstock 美国 举行 秘密 试映 口碑...
153,5,娱乐 通缉令 上映 朱莉 产后 身材 傲人 新民 娱乐 俄罗斯 导演 贝克曼 贝托夫 闯荡 好莱坞 通缉令 十一 长假 上映 新民 院线 了解 长假 结束 低调...
154,5,娱乐 李安 新作 预告片 曝光 创新 男主角 出镜 推介 娱乐 北京 媒体报道 李安 导演 新作 制造 伍德斯 主演 马丁 曝光 片花 欧美 电影片 不同 马丁...
155,4,游戏 女儿国 OL 魔族 另类 恐怖 技能 很多 女儿国 魔族 职业 没用 技能 凤凰 林小怪 魔族 伤害 技能 比例 扣血 BOSS 伤害 恐怖 魔族 两个 ...
156,2,体育 落差 打碎 禅师 如意算盘 豪赌 首功 一场 史诗 战役 悬崖 湖人 露出 獠牙 贯穿 全场 三角 进攻 低位 安德鲁 单打 小牛 贯穿 全场 德科 单打...
157,1,财经 友邦 华泰 稳本 增利 第八次 派发 红利 弘文 友邦 华泰 发布公告 旗下 友邦 华泰 金字塔 稳本 增利 债券 基金 第八次 分红 友邦 增利 A B...
158,5,娱乐 录音师 工会 揭晓 贫民 富翁 击败 蝙蝠侠 娱乐 北京 美国 录音师 工会 The Cinema Audio Society Awards 简称 CAS...
159,4,游戏 手机 网游 宝贝 II 宝从天 惊喜 饰品 重要性 不用 饰品 明显提高 角色 属性 格子 装备 日子 过够 满足 玩家 需求 提高 玩家 个人 实力 官...
160,5,娱乐 盘点 娱圈 桂冠 家伙 组合 娱乐 票房 成绩 理想 韩国 电影 热门 韩国 歌曲 韩国 艺人 一个个 冠军 头衔 回顾 一下 韩国 娱乐圈 电影 三个 ...
161,4,游戏 灵兽 世界 装备 低价 体验 灵兽 武装 装备 玩家 遇怪 遇敌 好友 切磋 轻松 作战 神气 百倍 世博 五一 广大 玩家 体验 灵兽 装备 举行 装备...
162,0,科技 全幅 单反相机 佳能 D 套装 售价 佳能 EOS D 有效 像素 实现 了低 噪点 精细 图像 搭载 CMOS 图像 感应器 佳能 生产 产品 提高 像...
163,0,科技 mm 防抖 镜头 佳能 D 套机 降百元 中关村 数码相机 行情 佳能 EOS D 像素 成像 能力 DIGIC 图像 处理器 中端 单反相机 出色 画质...
164,5,娱乐 哈利 波特 替身 片场 坠地 重伤 瘫痪 娱乐 哈利 波特 死神 圣物 英国 准备 拍摄 工作 一名 二十多岁 担任 丹尼尔 德雷克 替身 特技 彩排 一...
165,0,科技 疯促 入门 索尼 A500 套机 K 山东 IT 索尼 A500 商家 济南 天虹 万美 头套 特价 索尼 A500 索尼 发布 单反相机 具有 有效 像...
166,5,娱乐 变形金刚 公映 娱乐 北京 媒体报道 电影 公司 梦工厂 美国 宣布 变形金刚 Transformers 北美 公映 片方 定下 理想 档期 好莱坞 商业...
167,3,体育 热火 vs 绿军 隆多 带伤 上阵 热火 微调 乔尔 Z 北京 主场 TD 花园 迎来 热火 第四场 本场 比赛 绿衫 主力 控卫 隆多 带伤 登场 热火...
168,5,娱乐 组图 考死 试映 南奎丽 短裙 低胸 防走光 视频 考死 试映 南奎丽 短裙 低胸 防走光 娱乐 韩国 影片 考死 媒体 首映式 榕山 CGV 影院 举行...
169,5,娱乐 沃尔塔 吕克 贝松 携手 巴黎 新片 娱乐 美国 巨星 沃尔塔 拍摄 狂热 变脸 发胶 一系列 跨越 好莱坞 四十年 影史 佳作 法国 from pari...
170,0,科技 成像 差异 明显 E P2 对比 松下 GF1 E P2 松下 GF1 两款 发布 两款 新机 配置 看看 E P2 外观 E P1 机顶 热靴 位置 E...
171,0,科技 画幅 单反相机 尼康 D3S 套机 售价 外观 尼康 D3S D300S 变化 Live View 系统 改进 P 规格 高清 视频 拍摄 模式 尼康 走...
172,1,财经 牛熊 转换 中国 私募 基金 贺辉红 万晶牛 资本 市场 新生力量 中国 私募 基金 神坛 沦落 遭人 唾弃 生存 状态 坚守 价值 投资 是否 开见 秉...
173,4,游戏 荣耀 OL 问世 不该 存在 世界 时空 空间 争斗 强大 力量 扭曲 空间 宇宙 秩序 两个 关联 平行 世界 大陆 和鲁恩 大陆 融合 一起 来自 两...
174,0,科技 星座 产品 星座 般配 推荐 作者 蔡爽 星座 分析 血型 分析 喜欢 内容 星座 分类 了解 相应 脾气 秉性 归纳 总结 人群 特质 有趣 产品 星座...
175,0,科技 mm 镜头 尼康 D3000 套机 尼康 D3000 有效 像素 DX 画幅 CCD 感应器 具备 EXPEED 影像 处理 系统 多种 尼克尔 镜头 硬...
176,1,财经 金牛 基金 语录 江沂 策略 选择 华夏 大盘 王亚伟 经历 全球化 过程 过程 伴随 国际贸易 投资 活动 减少 保护主义 抬头 中国 过分 依赖 出口...
177,3,体育 公牛 脚伤 硬撑 一点 北京 芝加哥 先驱报 芝加哥 公牛 季后赛 卡洛斯 布泽尔 球队 诟病 软肋 低迷 失望 对阵 亚特兰大 老鹰 系列赛 布泽尔 发...
178,2,体育 意外 横扫 湖人 居首 惨败 小牛 已有 模板 北京 三连冠 洛杉矶 湖人 首轮 淘汰 黄蜂 碰上 劲旅 小牛 ESPN 专家 湖人 搞定 小牛 进军 总...
179,1,财经 华商 基金 龙抬头 解密 收益 操作 逻辑 理财 周报 代星 两个 基金 经理 详解 华商 盛世 成长 领先 企业 收益 操作 逻辑 市场 判断 上证综指...
180,1,财经 基金 监管 酝酿 世纪 经济 申剑丽 关系 重大 基金 监管 酝酿 人民大学 举办 中国 养老金 峰会 人力资源 社会保障部 社会保险 基金 监管司 司长...
181,5,娱乐 温婉 孟小冬 章子怡 骑士 中变 娱乐 梅兰芳 扮演 温婉 孟小冬 章子怡 骑士 女一号 一角 转型 章子怡 丹尼斯 主演 恐怖片 骑士 公布 第一批 剧...
182,1,财经 股票 基金 遭遇 赎回 披露 基金 季报 数据 显示 市场 回暖 明显 促进 股票 基金 赎回 多数 股票 基金 赎回 Wind 数据 显示 截至 共有 ...
183,0,科技 专业级 单反相机 尼康 D90 头套 售价 点评 尼康 D90 尼康 DX 格式 CMOS 感光 元件 有效 像素 ISO 噪点 控制 白平衡 优于 D7...
184,5,娱乐 青蜂 生变 周星驰 娱乐 放弃 执导 青蜂 The Green Hornet 传来 不太好 周星驰 美联社 采访 导演 是否 扮演 加藤 Kato 档期 ...
185,3,体育 骑士 老板 声讨 詹姆斯 皇帝 北京 看着 詹姆斯 新东家 季后赛 球员 钓鱼 骑士 老板 吉尔伯 坐不住 微博 媒体 发声 热火 第五 吉尔伯 托在微 ...
186,1,财经 十只 封基 折价率 超过 本报讯 分红 期待 加大 封闭式 基金 拉锯战 封基 市场 展现出 震荡 行情 封基 折价率 连续 下降 截至 上周五 十只 封...
187,4,游戏 iPhone 网游 契约 OL 全球 遭遇 尴尬 中国 公司 WiSTONE 推出 iPhone 平台 首个 MMO 网游 契约 OL 上线 两个 多月 ...
188,5,娱乐 电影节 巨星 云集 克鲁尼 出席 娱乐 电影节 举行 众多 明星 踏上 红地毯 包括 乔治 克鲁尼 George Clooney 布拉德 Brad Pit...
189,0,科技 热门 家用 摄像机 佳能 FS200 作者 芦晓峰 上海 行情 佳能 FS200 一块 像素 英寸 CCD 影像 感应器 光学 变焦镜头 热门 家用 摄像...
190,1,财经 天弘 价值 基金 增聘 基金 经理 吕宜振 上任 全景网 日讯 天弘 基金 公告 公司 决定 增聘 吕宜振 担任 天弘 价值 成长 股票 证券 投资 基金...
191,2,体育 基德 一次次 小牛 天将 扣翻 内线 北京 半决赛 继续 洛杉矶 湖人 坐镇 主场 再战 小牛 系列赛 首战 冷门 湖人 领先 时刻 小牛 翻盘 上场 绝...
192,5,娱乐 加勒比海 导演 翻拍 游戏 生化 奇兵 娱乐 执导 奇幻 大作 加勒比海 Pirates of the Caribbean 导演 戈尔 Gore Verb...
193,5,娱乐 卢克 福德 巨星 合作 杨紫琼 靓女 娱乐 影迷 电影 木乃伊 上映 连带 新星 卢克 福德 Luke Ford 气急 接受 访问 做梦 李连杰 布兰登 ...
194,0,科技 像素 中端 佳能 D 套机 价格 中关村 数码相机 行情 佳能 EOS D 像素 成像 能力 DIGIC 图像 处理器 中端 单反相机 出色 画质 良好 ...
195,4,游戏 虎啸 龙吟 手机 网游 侠义 新服 巨献 中国 武侠 网游 侠义 OL 开启 举办 活动 丰富 游戏 内容 农历 侠义 官方 带给 大家 惊喜 官方 开启...
196,1,财经 基金 嗜酒 劲头 程俊琳 山西汾酒 年报 出炉 基金 酿酒 板块 青睐 展现 投资者 公布 多家 酿酒 公司 年报 显示 基金 热情 山西汾酒 新鲜出炉 ...
197,4,游戏 手机 网游 神域 OL 封测 火爆 盛况 广大 玩家 期盼 手机 网络游戏 巨作 神域 大家 见面 开启 两组 服务器 通世神 天庭 之刃 玩家 涌入 一...
198,4,游戏 网游 霸王 II PK 新区 推出 享受 PK 快感 体验 霸王 II 华丽 技能 群体 施展 场景 驰骋 撕杀 叫喊 战国 沙场 观赏 古香古色 人流 ...
199,3,体育 深锐 观察 季后赛 小球 小个子 时代 身高 浮云 小球 季后赛 大幕 拉开 舞台 中央 一群 小巧 精干 后卫 大个子 抢到 季后赛 主导权 体育 画报...
200,4,游戏 女儿国 OL 掩饰 不住 光芒 星辰 闪耀 总夺 宝石 光辉 身披 黄金 战甲 珠宝 衬托 女儿国 OL 宝石 系统 戎装 画龙点睛 练级 轻松 PK 宝...
201,1,财经 业绩 公募 基金 周宏 基金 管理 公司 管理 企业 计划 发展 业绩 谜团 汤森 路透 理柏 发布 中国 企业 回顾 报告 披露 汤森 路透 报告 股市...
202,0,科技 单反相机 尼康 D5000 单机 尼康 D5000 具有 有效 像素 CMOS 感应器 配备 尼康 EXPEED 数码影像 处理 概念 能够 拍摄 具有 ...
203,4,游戏 诛神 online 攻略 诛神 online 玩家 提供 鸣谢 内容 诛神 online 官方 确认 真实性 准确性 诛神 力士 成长 不算 比起 玩家 ...
204,5,娱乐 奥斯卡 首次 获准 转播 播放 电影 广告 娱乐 美国电影艺术与科学学院 AMPAS 董事会 投票决定 放松 一项 实行 电影 广告 禁令 奥斯卡 颁奖典...
205,5,娱乐 人民 选择 奖提名 揭晓 蝙蝠 钢铁 双侠 登榜 娱乐 年度 美国 人民 选择 奖于 揭晓 提名 名单 电影 钢铁 蝙蝠侠 夺得 受欢迎 电影 受欢迎 动...
206,4,游戏 棒棒 踏上 星光 大道 super man super star 了长 几个 深度 休整 棒棒 重新 扬帆 起航 调整 角度 棒棒 superstar 活...
207,3,体育 八一 失利 数学公式 后卫 张庆鹏 一场 铁军 CBA 联赛 领头羊 新疆 主场 球迷 期待 着能 看到 爆冷 一幕 第二节 比赛 新疆 外援 上场 进攻...
208,5,娱乐 韩国 档期 电影 数量 制作 费大 揭秘 附图 娱乐 韩国 稍短 档期 上映 韩国 电影 内容 规模 上映 韩国 本土 电影 不错 作品 上映 神机 首映...
209,3,体育 半场 皇帝 争议 判罚 满场 裁判 鸣冤 詹姆斯 篮球 世界 MVP 兄弟 一起 拿下 总冠军 感觉 贡献 马里奥 查尔 双方 第三场 比赛 关键时刻 三...
210,1,财经 晋升 庄家 万元 本钱 千万元 巨资 大户 处身 股海 洗不掉 散户 标签 只得 庄家 牙秽 想要 庄家 分子 摆在 道路 两条 投资 公募 基金 投资 ...
211,3,体育 8.3 三分 命中率 罗斯 戏耍 鹰王 猛醒 NBA 季后赛 东区 半决赛 第五场 亚特兰大 老鹰 客场 不敌 芝加哥 公牛 输掉 上以 处于 劣势 老鹰...
212,5,娱乐 权相宇 新片 定妆 人父 校服 附图 娱乐 韩星 权相宇 李宝英 新片 悲伤 悲伤 故事 校服 定妆 首次 曝光 悲伤 悲伤 故事 韩国 著名诗人 元泰妍...
213,5,娱乐 英国 奥斯卡 复制 金球 贫民 富翁 扬威 组图 娱乐 北京 伦敦 民间 素有 英国 奥斯卡 英国 电影 学院奖 British Academy of F...
214,1,财经 景顺 长城 基金 总经理 辞职 毫无 征兆 任期 两三个 景顺 长城 基金 公司 担任 总经理 长达 梁华栋 辞职 景顺 长城 发布公告 公司 董事会 梁...
215,0,科技 超广角 光圈 松下 旗舰 LX3 中关村 数码相机 行情 松下 数码相机 LX3GK 一枚 1.63 英寸 CCD 感光 元件 配合 最大 光圈 F2 ....
216,1,财经 基金 加盟 分红 大军 卫国 公司 旗下 三只 基金 发布 分红 公告 富国 基金 宣布 分红 基金 两只 基金 汉盛 派现 高达 3.33 华安 基金 ...
217,3,体育 助教 火箭 帅位 热门 阿联 恩师 继承 小范 衣钵 北京 ESPN 专家 马克 斯坦 透露 火箭队 美国 小牛队 允许 球队 助教 德韦恩 会面 小时 ...
218,5,娱乐 对话 喜马拉雅 导演 全秀 制片人 陈伟明 娱乐 打声 招呼 全秀 简称 大家 导演 全秀 见到 陈伟明 简称 陈伟明 中博 传媒 董事长 喜马拉雅 片子...
219,0,科技 复古 专业 DC 理光 GX200 西安 热卖 理光 GX200 镜头 等效 焦距 mm 光学 变焦镜头 最大 光圈 F2 .5 F4 .4 像素 安装 ...
220,3,体育 韦德 坦言 不忍 受伤 一幕 闪电侠 TM 顽强 北京 波士顿 德维恩 韦德 球迷 罪人 很多 比赛 球迷 打球 很脏 詹姆斯 韦德 落座 一位 波士顿 ...
221,1,财经 华夏 债券 第十八次 分红 份派 0.2 全景网 日讯 华夏 基金 公告 公司 旗下 华夏 债券 投资 基金 第十八次 分红 份派 金红利 0.20 分红...
222,0,科技 廉价 RM 直播 GB 纽曼 M927 作者 毛晓曼 纽曼 M927 支持 拍照 听歌 电影 低廉 价格 足以 吸引 部分 消费者 市场 售价 GB GB...
223,0,科技 全高清 G 容量 DV 索尼 XR100E 送礼 中关村 数码相机 行情 索尼 XR100E 硬盘 高清 摄像机 搭载 Exmor CMOS 影像 传感器...
224,5,娱乐 美联社 柏林 电影节 跨国 银行 开幕 娱乐 北京 美联社 第五十九 柏林 电影节 开幕 开幕 电影 选择 德国 导演 汤姆 Tom Tykwer 执导 ...
225,1,财经 基金 公司 管理费 收入 创新 弘文 基金 公司 旗下 基金 年报 数据 披露 完毕 天相 相关 统计数据 显示 全球 金融风暴 基金 公司 管理费 收入...
226,0,科技 光学 变焦镜头 富士 S205EXR 作者 田源 大家 关心 传感器 富士 S205EXR 继续 英寸 尺寸 感光 元件 F205EXR 相似 1.6 英...
227,0,科技 mm 超薄 全功能 艾利和 E200 艾利和 E200 iriver 季度 新作 产品 延续 iriver 旗舰 SPINN 首款 支持 Rm 播放器 P...
228,3,体育 绿衫 vs 热火 老三 巨头 对抗 小奥 单挑 Z 北京 热火 迎来 回合 巅峰 对决 本场 比赛 双方 主帅 名单 做出 更改 主帅 媒体 本场 比赛 ...
229,0,科技 性价比 富士 Z200fd 街机 富士 Z200fd 上市 很久 时尚 卡片 机器 上市 价格 下跌 激烈 残酷 价格战 机器 性价比 路线 为主 地位 ...
230,0,科技 光学 变焦 三星 WB1000 机型 秉承 三星 蓝调 复古 外观 仪表盘 看起来 全金属 机身 配以 光滑 黑色 涂层 看起来 十分 大气 机身 手柄 ...
231,4,游戏 手机 网游 赤壁 OL 骑乘 成就 霸业 一匹 名曰 赤兔 传奇 两个 马背上 英雄 一生 纵横 南北 长江 留下 千古 流传 赤兔 赤壁 OL 坐骑 健...
232,4,游戏 手机 网游 英雄 OL 话费 手机 活动 说明 大家 奇幻 武侠 手机 网游 英雄 压力 测试 开服 答谢 广大 玩家 支持 厚爱 英雄 官方 举办 话费...
233,5,娱乐 吕克 贝松 沃尔塔 新片 薪酬 推迟 拍摄 娱乐 吕克 贝松 欧罗巴 制片 公司 宣布 好莱坞 影星 沃尔塔 合作 新片 爱自 巴黎 with love ...
234,0,科技 套机 带票 中关村 商城 促销 D 观点 佳能 一代 D 具备 强悍 性能 配置 功能 直逼 中端 产品 上市 备受 消费者 青睐 市场 关注度 最高 类...
235,4,游戏 三国 无双 赵云传 倾情 上线 金兰 前生 有缘 忠勇 汉室 情义 桃园 重围 英风 锐气 胆寒 袭征 献血 常志 心丹 子龙 子龙 无双 威名 游戏 取...
236,1,财经 华宝 兴业 增强 收益 开放 申购 赎回 全景网 日讯 华宝 兴业 基金 公告 旗下 华宝 兴业 增强 收益 债券 基金 办理 申购 赎回 业务 代销 网...
237,5,娱乐 萨拉热窝 电影节 柏林 宣布 举办 樟柯 娱乐 柏林 电影节 开幕 第四天 萨拉热窝 电影节 国际 银幕 于柏林 宣布 举行 萨拉热窝 电影节 举办 樟柯...
238,5,娱乐 好莱坞 续集 三十 本报讯 李婷 好莱坞 续集 前传 搜罗 一下 好莱坞 处于 不同 制作 阶段 前传 续集 影片 余部 架势 世界 经济 金融危机 推迟...
239,0,科技 有效 像素 DC 佳能 IXUS200IS 陕西 行情 佳能 IXUS200IS 佳能 首款 搭载 mm 超广角 IS 光学 防抖 变焦镜头 数码相机 搭...
240,4,游戏 手机 网游 神契 OL 宝石 集合 揭密 创娱 推出 九州 online 巨作 神契 online 手机 网游 第一个 推出 变形 职业 系统 独创 天赋...
241,0,科技 搭配 mm 原厂 镜头 佳能 D 套装 促销 中关村 数码影像 行情 佳能 EOS D 像素 成像 能力 张连 性能 具备 高清 摄像 功能 单反相机 登...
242,0,科技 高清 闪存 摄像机 佳能 HF200 套装 作者 芦晓峰 江苏 行情 高清 闪存 摄像机 佳能 HF200 小巧 机身 电池 重量 出色 经销商 南京 摄...
243,4,游戏 天行 五子棋 高手 过招 过招 乾坤 胜负 高手 想得到 称号 道具 天行 乐园 挑战 棋神 棋圣 棋王 足够 自信 天行 乐园 擂台 攻擂 正月十五 花...
244,1,财经 基金 整体 赎回 本报讯 邵泽慧 基金 公司 基金 季报 披露 完毕 相投 统计数据 显示 全部 基金 QDII 收益 2961.83 亿元 QDII 基...
245,2,体育 担得 小牛 砥柱 站直 别趴下 小牛 顶得住 湖人队 禁区 进攻 钱德勒 发挥 关键 比赛 钱德勒 全场 比赛 拿下 篮板 数据 对位 篮板 数据 很多 ...
246,1,财经 基金 隐形 重仓股 揭秘 周宏 控盘 股票 基金 年报 显示 基金业 合计 持有 股票 基金 合计 持有 超过 上市公司 流通盘 股票 股票 流通盘 基金...
247,4,游戏 小奥 游戏城 爱心 靓号 义卖 活动 西南 省区 遭受 历史 罕见 特大 干旱 人民 生活 粮食 生产 产生 严重威胁 青海省 玉树县 7.1 地震 人民...
248,0,科技 高像素 防抖 索尼 A500 套机 降价 G 作者 中关村 陈亮 中关村 数码影像 行情 索尼 A500 配备 有效 像素 Exmor CMOS 影像 传...
249,5,娱乐 贫民 富翁 全身 主演 印度 裙子 卖得 奥斯卡 大赢家 贫民窟 百万富翁 简称 贫民 富翁 登录 影院 票房 富翁 魅力 了解 贫民 富翁 全国 票房 ...
250,4,游戏 神兆 OL 新区 冲级 爆爆 春风 战鼓 起点 征程 拉开序幕 无谓 力士 锐利 猎人 飘渺 道士 潇洒 侠客 冷静 盗贼 霸道 拳师 神秘 术士 名利 ...
251,5,娱乐 波兰 斯基 要求 撤销 诱奸 纪录片 披露 新华社 美国 洛杉矶 备受 关注 著名 导演 罗曼 波兰 斯基 申请 撤销 诱奸 少女 一案 举行 听证会 焦...
252,3,体育 子弹 传奇 纪录 罗斯 改写 一项 北京 华盛顿邮报 罗斯 当选 MVP 公牛 控卫 取代 子弹 更名 奇才 传球 球星 名人堂 成员 昂赛 NBA 历史...
253,4,游戏 手机 网游 上古 II 封测 独家 爆料 君王 美峰 数码 力作 上古 II 是否 封测 谣传 明察 加加 暗访 准确 独家 第一手 资料 负责 态度 大...
254,4,游戏 三国 印魂 地图 任务 隆重 开启 一年 看看 时刻 三国 印魂 带给 一种 惊喜 长安 开放 踏上 财富 长安 历史 古城 玩家 敞开 封沉 大门 长安...
255,5,娱乐 美国 男子 小丑 蝙蝠侠 海报 被捕 附图 娱乐 蝙蝠侠 骑士 美国 公映 连破 多项 票房 纪录 无数 影迷 一名 狂热 影迷 电影 小丑 模样 影院 ...
256,2,体育 湖人 指挥官 禅师 痛骂 进球 没辙 北京 湖人 丧失 优势 客场 不敌 小牛 季后赛 第二轮 落后 创造 奇迹 卫冕 继续 加索尔 加索尔 系列赛 第二...
257,4,游戏 ol 新增 极品 宝石 普通 素材 合成 极品 宝石 ol 上线 极品 合成 宝石 极品 宝石 变成 玩家 搜集 道具 碎片 源质 少量 金钱 有机 会合...
258,4,游戏 传闻 封神 ol 资料片 上线 猛犸 运营 工作人员 介绍 热门 网络游戏 封神 ol 动作 预计 月份 推出 一部 资料片 封神 决战 玩家 体验 系统...
259,3,体育 热火 vs V 前瞻 绿军 生存 华丽 一场 决出 名额 比赛 北京 打响 热火 系列赛 热火 取得 领先 手握 赛点 热火 组对 华丽 对决 看来 接近...
260,5,娱乐 朱莉 新片 通缉令 上映 本报讯 杨林 院线 获悉 安吉丽娜 朱莉 詹姆斯 麦卡沃 主演 通缉令 Wanted 确定 上映 俄罗斯 导演 贝克曼 贝托夫 ...
261,1,财经 基金 适当 投资 创业板 证券时报 程俊琳 余子君 本报讯 创业板 发行 上市 管理 暂行办法 推出 资本 市场 犹如 受访 基金 经理 推出 创业板 不...
262,1,财经 广发基金 朱平 新能源 板块 孕育 黑马 温床 李娜 发自 上海 股指 多次 冲击 高点 未果 市场 分歧 几千 资金 在手 基金 上演 普通 投资者 十...
263,1,财经 私募 看好 新能源 重组 题材 公募 偏爱 中盘股 实习 顾鑫 谢闻 公募 私募 基金 经理 举行 展恒 私募 高峰论坛 发言 流动性 推动 市场 振荡 ...
264,4,游戏 九州 online 古墓 寻宝 传说 神秘 森林 留下 皇陵 古墓 遗址 充满 神秘 色彩 很多 勇士 踏上 征途 寻找 传说 宝藏 路途 充满 荆棘 坎...
265,3,体育 禅师 出场 增加 赢球 无妨 北京 带伤 出战 洛杉矶 湖人队 面临 一场 晋级 主帅 杰克逊 增加 出场 加索尔 愿用 伤病 发挥 借口 带伤 出战 第...
266,5,娱乐 孙艺珍 新片 携手 高修 翻拍 日本 小说 娱乐 韩国 女演员 孙艺珍 携手 出演 新片 孙艺珍 影片 妻子 结婚 青龙 电影 影后 退役 出演 新片 孙...
267,3,体育 杜兰特 奇兵 盖帽 雷霆 掘金 晋级 第二轮 北京 雷霆 主场 完成 逆转 险胜 掘金 淘汰 对手 晋级 半决赛 等待 马刺 胜者 掘金 得分 上双 阿隆...
268,3,体育 场场 双遇 皇帝 脖子 汉字 左手 NBA 季后赛 东区 半决赛 第四 波士顿 主场 不敌 热火 上以 落后 退路 替补 控卫 德隆 韦斯特 上场 篮板 ...
269,1,财经 中邮 基金 中国联通 基金 多数 逃跑 月份 十多家 券商 发布 中国联通 研究 报告 保持 推荐 国信 长江 中信 安信 建议 买入 理财 周报 王小静...
270,4,游戏 结盟 易宝 支付 成都 哆可 游戏 开测 两年 筹备 成都 哆可 游戏 自主 手机游戏 奇缘 耗资 千万 代理 上古 PC 网游 online 封测 哆可...
271,4,游戏 帝国 OL 创新 体验 帝国 OL 资料片 神兵 传奇 震撼 上线 职业 武器 带来 惊喜 功能 新界面 带来 体验 庆祝 资料片 上线 官方 极品 装备...
272,4,游戏 首款 iPad 平台 网游 口袋 传说 公布 SpaceTime Studios 推出 iPad iPhone iPod 平台 角色扮演 网络游戏 口袋 ...
273,0,科技 mm 镜头 佳能 D 套机 外观 佳能 EOS D 佳能 EOS D 机身 铝镁合金 外壳 材质 质感 十分 强烈 D 145.5 107.8 73.5 ...
274,1,财经 私募 黑马 反弹 八成 个股 股价 大盘 涨幅 超过 大盘 上升 动能 A股 牛市 论调 北京 上海 报告会 上如 春雷 般炸响 普通 投资者 再生 困惑...
275,3,体育 直击 皇帝 失误 葬送 热火 真理 绝杀 比赛 北京 主场 TD 花园 迎来 热火 第四场 carry...
276,3,体育 专家 湖人 最烂 合同 停摆 保留 核心 阵容 北京 洛杉矶 湖人队 结束 无法 预测 阵容 ESPN 球队 休战 分析 湖人队 控卫 革新 遭遇 停摆 ...
277,2,体育 加索尔 防守 命中率 北京 湖人 场面 小牛 比赛 把握住 机会 输掉 比赛 落后 翻盘 横扫 历史 一支 球队 落后 实现 翻盘 ESPN 湖人 球员 ...
278,0,科技 专业级 单反相机 尼康 D3000 头套 机售 作者 张跃 尼康 D3000 用户 设计 单反相机 沿用 D60 DX 画幅 像素 级别 CCD 尼康 E...
279,0,科技 有效 像素 尼康 D90 售价 数码相机 DX 格式 CMOS 感光 元件 有效 像素 最大 拍摄 分辨率 图片 D90 一块 3.0 英寸 像素 LCD...
280,1,财经 得意 末路穷途 市场 环境 供给 压力 债券市场 带来 负面影响 丁学梅 北京 银河证券 数据 显示 股票 基金 平均 净值 增长率 25.88 债券 型...
281,3,体育 蜂王 续约 定局 经理 北京 美联社 有权 跳出 合同 投奔 球队 外界 讨论 落户 新东家 黄蜂队 坚信 能够 蜂王 达成 续约 条件 等到 资格 黄蜂...
282,5,娱乐 电影 深湖 巨兽 有奖 征文活动 华夏 电影 发行 公司 发行 电影 深湖 巨兽 内地 上映 华夏 联合 推出 深湖 巨兽 现金 大奖 征文活动 征文 内...
283,4,游戏 online 情侣 甜蜜 双倍 一天 情人节 女孩 期盼 人生旅途 相识 火花 起点 手握着 感情 烟火 一路 风景 渲染 点缀 小花 意外 美丽 希望 ...
284,5,娱乐 走出 离婚 阴影 打造 时尚 福尔摩斯 早报 程晓筠 编译 核心 提示 英国 先锋 导演 萨莉 波特 聚焦 时尚 世界 新片 裘德 华丽 图景 愤怒 枪口...
285,4,游戏 ol 刑天舞 发奖 名单 ol 开启 华东区 第十九 新服 刑天舞 十九个 服务器 见证 辉煌 人气 结缘 五湖四海 玩家 共享 激情 好玩 游戏 金白银...
286,0,科技 光学 变焦镜头 索尼 G3 机身 设计 简洁 92.1 有效 像素 3.5 Xtra Fine 触摸式 液晶屏 DSC G3 具备 双重 防抖 人脸 检测...
287,4,游戏 乐园 春耕 行动 春耕 乐园 真情 打造 春耕 活动 上线 亲临 农场 体验 一份 耕耘 一份 收获 农忙 乐趣 耕耘 收获 奖品 惊喜 多多 超值 电子...
288,4,游戏 文明 公会 功能 启动 揭秘 公会 建立 公会 领地 仓库 会员 影响 领地 仓库 公会 资源 会员 公会 强大 做出 贡献 刺激 公会 无视 PK 恩仇...
289,1,财经 首单 QDII 专户 合同 落户 交银 施罗德 周宏自 专户 QDII 业务 开闸 首单 QDII 专户 合同 归属 焦点 交银 施罗德 宣布 多家 客户...
290,3,体育 黑马 潜力 新星 菜鸟 高效 北京 CBA 联赛 东莞 主场 战胜 广厦 东莞 得分 上双 小将 顾全 拿到 比赛 主教练 戈尔 年轻 顾全 放在 浙江广...
291,2,体育 生涯 首次 季后赛 斗牛 冠军 级别 洛杉矶 段冉 常规赛 阶段 争夺 位置 小牛 湖人 拼得 火光 四溅 四月 两队 常规赛 交手 差点 武斗 俨然 一...
292,1,财经 通牒 铁公鸡 兴业 全球 视野 基金 卯吃 两年 分红 和平 北京 不满 基民 分红 北京 问天 律师 事务所律师 张远忠 基金 公司 托管人 发出 第一...
293,0,科技 支持 高清 视频 功能 尼康 D90 售价 尼康 D90 单反相机 搭载 一枚 23.6 15.8 mm CMOS 传感器 RGB 色彩 滤镜 像素 成像...
294,1,财经 华商 基金 旗下 型基金 大盘 本报讯 WIND 统计数据 显示 上证综指 上涨 30.34 开放式 型基金 平均 净值 增长率 22.39 基金 业绩 ...
295,5,娱乐 影后 合作 丹麦 女孩 塞隆 饰演 恋人 怀孕 基德曼 让贤 读者 角色 温丝 双保险 生产 加紧 排练 歌舞片 卖力 宣传 澳大利亚 综艺 杂志 奥斯卡...
296,5,娱乐 名导 金基德 状告 电影 电影 发行 娱乐 韩国 著名 电影 导演 金基德 电影 电影 发行 公司 Studio2 .0 告上 法庭 要求 公司 支付 电...
297,0,科技 张连 对焦 尼康 D300S 单机 低价 作者 中关村 陈亮 中关村 数码影像 行情 D300S 秉承 尼康 DX 格式 旗舰 产品 特性 连拍 自动 对...
298,0,科技 没钱 iPhone 苹果 touch3 作者 曹锐 iPod touch 升级 第三代 苹果 iPhone 手机 上网 GS 硬件 配置 支持 无线 上网...
299,5,娱乐 密阳 黄真伊 韩国 电影周 展映 娱乐 国家广播 电影 电视总局 电影局 韩国 电影 振兴 委员会 韩国 希杰 娱乐 株式会社 承办 北京 新影联 院线 ...
300,0,科技 超长 播放 艾利和 E30 艾利和 E30 时尚 靓丽 外观 性能 有着 品牌 优质 保障 长达 小时 续航 能力 强势 卓越 得知 产品 报价 G 喜欢...
301,5,娱乐 影帝 丹尼尔 歌舞片 复古 敞篷车 派头 娱乐 意大利 罗马 歌舞 新片 Nine 奥斯卡 影帝 丹尼尔 刘易斯 Daniel Day Lewis 亮相 ...
302,0,科技 DC 画质 卡西欧 G1 实拍 样张 分析 卡西欧 G shock 电子手表 优异 防护 性能 著称 防水 程度 优点 消费者 赞扬 卡西欧 G shoc...
303,5,娱乐 北美票房 综述 曼谷 杀手 夺冠 叫座 叫好 北美票房 暴跌 历史 最低点 成功 文本 综述 一周 所有人 越狱 跟到 第一季 放弃 好像 八卦 据说 体...
304,3,体育 专家 邓肯 鲨鱼 英雄 时代 逝去 罗斯 杜兰特 嫩点 北京 NBA 季后赛 首轮 球迷 过瘾 扣篮 斯维尼 看来 首轮 精彩 承认 NBA 英雄 时代 ...
305,0,科技 有效 像素 FE5020 点评 FE 轻薄 时尚 外观 实用 功能 配置 mm 广角镜头 拍摄 有着 广阔 视野 范围 具有 震撼 表现力 家庭 拍摄 广...
306,2,体育 调查 分区 半决赛 火热 开打 预测 NBA 季后赛 东西 半决赛 北京 打响 对决 公牛 vs 老鹰 热火 vs 湖人 vs 小牛 雷霆 vs 预测 对...
307,5,娱乐 德里 布洛迪 同性恋 盯上 我会 失望 德里 布洛迪 一位 严肃 演员 电影 观众 不会 忘记 钢琴家 奥斯卡 影帝 演员 新片 布鲁姆 兄弟 幽默 一点...
308,5,娱乐 木乃伊 公映 大片 元素 成热议 话题 好莱坞 大片 木乃伊 龙之 诅咒 蓉城 观众 见面 中国 元素 卖点 电影 观众 看得 亲切 陌生 李连杰 blo...
309,1,财经 基金 增仓 基金 减仓 证券时报 余子君 数据 统计 显示 基金 增持 股票 基金 减持 股票 WIND 数据 统计 显示 截至 上市公司 披露 年报 股...
310,4,游戏 天域 OL 全面 升级 好看 春光明媚 日子 天域 OL 度过 难忘 一岁 回首 一年 走过 相信 天域 友友 不会 忘记 记得 公测 火爆场面 记得 彪...
311,5,娱乐 执导 新片 聚焦 殉职 娱乐 北京 媒体 报到 麦克斯 拍摄 电影 亚利桑那 Arizona 一部 故事 蓝本 电影 电影 导演 基本 锁定 Ben Af...
312,4,游戏 手机游戏 三国演义 激情 开战 汉延康 称雄 三国 激荡 战斗 画面 经典 历史 人物 时代 再现 动画版 三国演义 战局 激烈 厮杀 疆土 誓死捍卫 丰...
313,3,体育 权威 媒体 讥讽 莫雷 选帅 策略 范甘迪 回来 北京 火箭队 选帅 工作 刚刚开始 选帅 名单 一长串 候选人 名单 招致 不满 纪事报 贾斯提斯 博客...
314,3,体育 加索尔 媒体 谎言 失落 流言 不会 困扰 北京 加索尔 疲软 谣言 传得 风生水 加索尔 辟谣 声称 情变 友妻门 传闻 加索尔 女友 分手 一名 队友...
315,2,体育 波士顿 传奇 旧事 激励 球员 总决赛 落后 北京 weei 半决赛 热火 波士顿 相遇 全世界 瞩目 一场 对决 两场 比赛 很多 失望 比赛 想象 激...
316,4,游戏 手机 网游 航海 原创 搞笑 漫画 倒计时 一年 迎接 手机 航海 广大 玩家 准备 一套 原创 搞笑 漫画 恭祝 玩家 吉祥 好运 手机 航海 无限 希...
317,1,财经 基金 年报 王亚伟 看好 券商 化工 基金 垫底 一下子 持续保持 领先 华夏 大盘 金鹰 小盘 屹立 不败 基金 风光 适应 形势 基金 市场 实行 投...
318,4,游戏 online 结婚 深受 玩家 喜爱 手游 大作 online 客户端 上线 大家 期盼 婚姻 系统 大家 见面 现实 女孩子 耐心 游戏 追到 心仪 美...
319,4,游戏 酷柚 OL 资料片 地下城 公测 两个 开发 酷柚 预定 计划 发布 资料片 地下城 公测 客户端 地下城 版本 新增 副本 地图 超强 BOSS 一撮 ...
320,3,体育 鲨鱼 伤情 加重 缺席 第五 詹韦 盛赞 传奇 北京 落后 迎来 坏消息 复出 沙克 奥尼尔 伤情 加重 确定 缺席 热火 第五 鲨鱼 球队 球馆 参加 ...
321,5,娱乐 组图 龙河 新片 作战 金敏贞 性感 亮相 新浪网 独家 稿件 转载 注明 出处...
322,1,财经 八成 基民 看重 基金 能力 牛市 满仓 熊市 空仓 投资者 理想 反映 基民 基金 选择 基金 经理 希望 牛市 杀到 满仓 权力 熊市 变为 债券 基...
323,4,游戏 手机 网游 武林 OL 愚人节 紫色 套装 人气 火爆 玩家 喜爱 武侠 题材 手机 网游 答案 肯定 掌上明珠 经典 武侠 题材 手机 网游 武林 OL...
324,1,财经 个股 基金 盛宴 巩万龙 发自 深圳 启明 信息 深圳 惠程 除权 连续 暴涨 激发 市场 追捧 转股 热情 送转 分红 方案 基金 重仓股 包括 步步高...
325,1,财经 中海 稳健 收益 第二次 分红 份派 0.3 全景网 日讯 中海 基金 公告 公司 旗下 中海 稳健 收益 债券 证券 投资 基金 成立 第二次 分红 基...
326,2,体育 湖人 先生 回来 回来 挨骂 北京 湖人 主场 失利 败给 小牛 落后 陷入 绝境 第四节 布雷克 运到 三分 遭遇 对方 严密 防守 准备 将球 传出 ...
327,0,科技 X光 mm 广角 佳能 IXUS200 山东 IT 佳能 IXUS200IS 商家 济南 科曼德 数码 售价 佳能 IXUS200IS 具备 革新 精神 ...
328,4,游戏 双城 OL 战役 紫装 双城 OL 战役 开放 英雄 集结 发出 英雄 做好 战斗准备 战役 实现 抱负 夺取 专属 紫装 开放 战役 战役 副本 延续 ...
329,4,游戏 手机 网游 文明 II 红名 惩罚 大盘 尊敬 玩家 文明 II 版本 上线 有趣 刺激 活动 友好 界面 人性化 设置 不同 角度 领略 文明 II 风...
330,1,财经 机构 投资者 资产 配置 平衡 嘉实 基金 投资 流程 风险 管理部 易炜 投资者 持有 一类 风险 资产 目的 高于 收益率 投资收益 不同 大类 资产...
331,2,体育 助攻 明白 斯台普 中心 一片 准备 半决赛 庆祝 留给 失落 不解 卫冕冠军 湖人 领先 小牛 偷走 胜利 绝杀 走回 更衣室 首轮 黄蜂 湖人 主场 ...
332,0,科技 高画质 闪存 摄像机 佳能 高清 HF S100 促销 观点 佳能 数码 摄像机 HF S100 像素 2.6 英寸 FULL HD CMOS 影像 感应...
333,1,财经 取消 申购 限额 收益率 下滑 吸引力 大大降低 取消 大额 申购 限制 泰达 荷银 基金 公布 取消 大额 申购 转换 业务 限制 债券市场 处于 震荡...
334,5,娱乐 蝙蝠侠 华纳 卖座 电影 贝尔 赴美 推行 娱乐 蝙蝠侠 骑士 男星 贝尔 出席 日本 举行 记者会 小丑 制度 不可 道理 导演 洛伦 美国 票房 大收...
335,0,科技 光学 变焦 富士 F75EXR 富士 F75EXR 简洁 紧凑 外观设计 厚度 22.7 mm 机身 光学 变焦 轻松 放在 口袋 F75EXR 机身 双...
336,3,体育 官方 宣布 教练 得主 公牛 菜鸟 主帅 毫无 悬念 当选 助理 教练 希伯杜 本赛季 公牛队 主帅 主教练 第一个 出色 防守 体系 带领 公牛 取得 ...
337,3,体育 调查 公牛 力克 老鹰 取得 赛点 看待 本场 比赛 北京 公牛 主场 击败 老鹰 系列赛 领先 取得 赛点 罗斯 拿下 助攻 洛尔 卡洛斯 布泽尔 基斯...
338,4,游戏 首位 太空 游戏 设计师 未偿 夙愿 创世纪 UO 神话 缔造者 理查德 加利 Garriott 地球 富有 游戏 设计师 地球 第一位 成功 太空 游戏...
339,3,体育 数据 趣谈 罗斯 闪电侠 系列赛 场场 北京 NBA 比赛 比赛 诞生 有趣 数据 罗斯 帮助 公牛 战胜 老鹰 罗斯 系列赛 命中 两年 德维恩 韦德 ...
340,5,娱乐 中影 抢占 后影 水啸 雾都 强势 登场 娱乐 结束 电影 市场 活跃 起来 木乃伊 水啸 雾都 瞩目 李连杰 blog 杨紫 blog 黄秋生 听歌 众...
341,1,财经 海富通 中国 红包 本报讯 海富通 基金 公司 公告 海富通 中国 精选 基金 截至 分配利润 基准 份额 0.20 比例 派发 红利 基金 分红 QDI...
342,3,体育 生涯 光辉 首轮 男身 热火 主场 击败 费城 总比分 淘汰 对手 晋级 第二轮 迎战 波什 登场 贡献 篮板 更具 意义 波什 加入 第一次 突破 季后...
343,5,娱乐 迪士尼 宣布 梦工厂 合作 迪士尼 梦工厂 携手 梦工厂 动画 维持 合作 娱乐 北京 美国 迪士尼 宣布 梦工厂 合作 负责 发行 推广 梦工厂 制作 ...
344,1,财经 关联方 基金 规模 王艳伟 基金 公司 关联方 方式 参与 基金 投资 公布 基金 年报 显示 多只 基金 关联方 持有人 基金 公司 股东 管理 券商 ...
345,4,游戏 手机 网游 侠义 OL 豪礼 激战 武林大会 手机 网游 侠义 OL 隆重推出 多项 活动 派送 多重 奖励 各服 玩家 选择 喜欢 活动 劲暴 惊喜 接...
346,4,游戏 飞扬 中关村 Top100 成长 提名 创新 中关村 主题 活动 首次 发布 中关村 TOP100 入选 企业 榜单 了解 活动 北京 科技 实业家 协会...
347,5,娱乐 摔角 发布 海报 金狮 得主 封喉 小金人 娱乐 影展 金狮 得主 摔角 北美 登场 出品 发布 海报 男主角 洛克 扮演 摔角 手伏 栏边 画面 马丁 ...
348,5,娱乐 北美票房 综述 蝙蝠侠 三连冠 木乃伊 败走 综述 转眼 流火 开幕 黑马 谍影 重重 北美地区 掀起 尘烟 一年 木乃伊 两部 粉丝 群体 中国 风尚 ...
349,4,游戏 d 赤壁 OL 内容 亲爱 手机 网游 赤壁 OL 例行 服务器 内容 1. 修改 秘文 南柯一梦 描述 错误 2. 修改 蜀国 级别 主线 圣兽 帮忙 ...
350,1,财经 同门 基金 业绩 本报讯 上证指数 上涨 受益 股票 基金 不错 收益 分化 明显 统计 显示 共享 投研 平台 投资 类型 同门 基金 收益率 最大 差...
351,5,娱乐 宫崎骏 工作室 推出 动画 动物 农场 娱乐 动画 巨匠 宫崎骏 导演 作品 全世界 受欢迎 创作 移动 城堡 众多 传世 名作 宫崎骏 担任 馆长 东京...
352,1,财经 国泰 双利 债券 基金 开放 申购 赎回 业务 全景网 日讯 国泰 基金 公告 国泰 双利 债券 证券 投资 基金 开放 基金 申购 赎回 业务 全景网 ...
353,3,体育 老鹰 vs 公牛 前瞻 V 罗斯 骂名 北京 公牛 重回 芝加哥 迎战 老鹰 两队 战成 体育 带来 本场 直播 第五 被誉为 取胜 取得 赛点 公牛 第...
354,5,娱乐 杜琪峰 夺宝 奇谋 开工 强尼 代抵 娱乐 法国 歌手 演员 强尼 Johnny Hallyday 巴黎 据知 导演 杜琪峰 拍摄 新片 Johnny 饰...
355,5,娱乐 专访 生死 朗读 导演 斯莱特 实在 出色 娱乐 生死 朗读 The Reader 柏林 电影节 参赛 奥斯卡 五项 提名 热门 生死 朗读 柏林 受到 ...
356,5,娱乐 莫妮卡 贝鲁奇 男人 揭幕 罗马 电影节 娱乐 意大利 性感女 莫妮卡 贝鲁奇 新片 男人 L Uomo che ama 揭幕 第三届 罗马 国际 电影节...
357,4,游戏 三国 印魂 充满 梦想 舞台 争霸 梦想 三国 题材 游戏 主题 汉失 充满 硝烟 乱世 三国 追寻 梦想 三国 印魂 吸取 成功 游戏 案例 制作 过程...
358,5,娱乐 变形金刚 上映 预告片 上线 综合 变形金刚 杀青 美国 首款 预告片 上线 观众 看到 细节 变形金刚 游戏 网站 揭晓 汽车 阵营 金刚 刹车 Ski...
359,2,体育 湖人 第二轮 赛程 公布 5.1 洛城 开打 北京 洛杉矶 湖人 客场 击败 黄蜂 卫冕冠军 耗时 总比分 晋级 季后赛 第二轮 湖人 比赛 结束 不久 ...
360,5,娱乐 皮克斯 动画 飞屋 游记 海报 曝光 娱乐 北京 北美 皮克斯 动画 飞屋 游记 UP 曝光 一张 海报 北美 上映 飞屋 游记 皮克斯 首部 立体电影 ...
361,5,娱乐 海瑟薇 扮演 好莱坞 女星 朱迪 嘉兰 娱乐 北京 媒体报道 瑞秋 婚礼 Rachel Getting Married 奥斯卡 提名 海瑟薇 Anne H...
362,5,娱乐 深湖 巨兽 导演 想来 中国 水怪 晚报 华夏 电影 公司 发行 电影 深湖 巨兽 确定 登陆 全国 影院 影片 导演 发行 方向 中国 观众 透露 影片...
363,3,体育 绿军 五号 续约 安吉 希望 能成 建队 基石 北京 ESPN 波士顿 总经理 丹尼 安吉 接受 采访 格林 提供 一份 竞争力 报价 试图 留住 极具 ...
364,0,科技 降价 百元 高清 宾得 KX 镜头 套机 促销 中关村 广州 行情 宾得 K x 像素 成像 能力 自动 对焦 系统 一秒 4.7 张连 s 配备 p 高...
365,3,体育 美国 选秀 关注 新星 改善 可成 顶尖 球员 北京 土耳其 U16 邀请赛 年轻 中国 小将 周琦 受到 美国 选秀 NBADRAFT 关注 周琦 做出...
366,4,游戏 赤壁 OL 三国鼎立 开放 赤壁 版本 历史 推进 三国鼎立 张宝 张角 张梁 妖术 招魂 勉强 维持 生命 维持 没落 黄巾军 黄巾军 声势 形势 曹操...
367,3,体育 纽约 执行 昌西 千万 合同 选项 心脏 北京 纽约 邮报 多方 证实 纽约 尼克斯 决定 执行 控卫 昌西 合同 球队 选项 总决赛 MVP 留在 纽约...
368,0,科技 可换 镜头 E P1 降价 中关村 数码相机 行情 E P1 脱离 单反相机 概念 硬件 配置 E P1 继承 标准 英寸 画幅 单反相机 17.3 13...
369,0,科技 双屏 经典 卡片机 三星 ST550 性能 三星 ST550 数码相机 2.33 英寸 CCD 传感器 有效 像素 具备 光学 防抖 功能 广角 施耐德 ...
370,4,游戏 宝贝 国度 职业技能 体验 宝贝 任务 学习 生活 技能 生活 生活 技能 宝贝 国度 职业 采矿 伐木 宝石 制作 玩家 天生 钓鱼 能力 NPC 村长...
371,1,财经 景顺 长城 老总 梁华栋 去职 内幕 景顺 长城 公告 公司 总经理 梁华栋 个人 原因 辞去 总经理 职务 公司 副总经理 建军 代为 履行 总经理 职...
372,0,科技 具备 光学 变焦 富士 F75EXR 富士 F75 双层 涂漆 工艺 质感 良好 色泽 光艳 显得 美观 时尚 容易 指纹 具有 两种 颜色 满足 不同 ...
373,0,科技 小幅 让利 索尼 SX60E 闪存 DV 特惠 半个 迎来 郑州 时光 数码 推出 索尼 DV 特惠 促销 活动 SX60E 促销 售价 光学 变焦 性能...
374,2,体育 三分 跳投 杀人 北京 洛杉矶 湖人 客场 惨败 杰森 全场 三分球 疯狂 助攻 三分 追平 季后赛 纪录 小牛 淘汰 湖人 荣膺 湖人 第四 惨败 原因...
375,5,体育 大虫 大寿 缅怀 风流 夜总会 退役 活塞 球衣 北京 纽约 邮报 大虫 丹尼斯 罗德曼 迎来 五十 大寿 中国 五十 人生 睿智 成熟 半百 罗德曼 据...
376,5,娱乐 1.5 观众 观看 怪兽 大战 外星人 预告片 娱乐 美国梦工厂 动画电影 怪兽 大战 外星人 Monsters vs Aliens D 宣传 一亿五千万...
377,2,体育 禅师 表态 不满 湖人 内线 放弃 比赛 北京 洛杉矶 湖人 斯台普 中心 主场 迎战 小牛 湖人 不敌 对手 谈到 拿下 两双 拉玛尔 控制 比赛 控制...
378,5,娱乐 东南 影评人 协会 揭晓 高调 君临 娱乐 北京 风向标 中因 历史 堪称 老铺 东南 影评人 协会 Southeastern Film Critics ...
379,4,游戏 九州 风云 再起 全民 鞭炮 齐鸣 热闹 气氛 开心 恢复 工作 学习 朋友 综合症 懒散 心情 恢复 忙碌 九州 online 资料片 风云 再起 世界...
380,1,财经 基金 公司 高管 变动 再起 宏远 去职 基金 王艳伟 一位 基金 元老 离开 行业 基金 发布 高管 离职 公告 副总经理 宏远 个人 原因 公司 董事...
381,4,游戏 启示录 初章 图文 攻略 结界 迷宫 小道 楼梯 回到 安诺瑞 山顶 回到 下楼梯 来到 水晶 山洞 山洞 宝箱 铜币 返回 山洞 中央 掉下来 楼梯 方...
382,4,游戏 获取 封神 ol 全额 工资 游戏 赚钱 获取 最大化 利益 玩家 必修课 手机 网游 封神 ol 推出 一项 工资 政策 标志 玩家 薪水 玩游戏 投入...
383,2,体育 横扫 想到 历史 大字 映衬 洛杉矶 湖人 傲慢 惨败 主场 连输 两场 落后 不能 出来 面临 NBA 历史 翻盘 成功 紫金 作何 感想 相信 季后赛...
384,3,体育 专家 热火 过关 鲨鱼 绿衫 军想 晋级 老三 巨头 北京 ESPN 霍林格 撰文 热火 波士顿 作出 分析 预测 两队 夺冠 失利 隐藏 集体 爆发 热...
385,4,游戏 小奥 游戏城 特色 鲜明 竞技性 游戏城 锄大地 拖拉机 拱猪 金花 大牌 游戏 一体 五子棋 围棋 象棋 棋类 游戏 好玩 国标 麻将 广东 香港 麻将...
386,4,游戏 手机 网游 文明 II 公会 成长 教程 公会 系统 开放 公会 是否 一级 徘徊 极少数 公会 成员 公会 任务 公会 贡献 调动 全体 公会 成员 积...
387,1,财经 基金 重点 公司 A股 市场 回暖 基金 发行 截至 基金 发行 伴随 股票 型基金 投资收益 回涨 投资者 股票 型基金 提升 面对 诸多 基金 品种 ...
388,4,游戏 第四届 手机 网游 挑战赛 豪情 登场 手机 网游 挑战赛 手机 网游 挑战赛 开幕 畅谈 手机 网游 机会 手机 网游 VIP 帐号 新网游 内测 帐号...
389,0,科技 有效 像素 尼康 D90 套机 作者 宋心杰 尼康 D90 DX 格式 CMOS 感光 元件 有效 像素 最大 拍摄 分辨率 图片 D90 一块 3.0 ...
390,5,娱乐 韩星 李准 剧照 酷似 梅兰芳 引热议 中新网 Edaily SPN 韩星 李准基 影片 男人 造型 中国 传奇 京剧 演员 梅兰芳 十分 相像 热门话题...
391,3,体育 现场 皇帝 放弃 镁粉 末段 暴走 北京 热火 坐镇 主场 迎战 总比分 热火 领先 双方 第一场 比赛 火气 吃到 技术犯规 比赛 恶意 犯规 第二场 ...
392,1,财经 荷银 合丰 基金 增聘 吴俊峰 担任 基金 经理 全景网 日讯 泰达 荷银 基金 公布 聘任 吴俊峰 先生 担任 泰达 荷银 价值 优化 行业 基金 合丰...
393,4,游戏 手机 网游 诛神 OL 情人节 活动 公告 亲爱 玩家 诛神 online 厚爱 支持 丰富 活动 大家 开放 情人节 活动 开放 大家 服务器 添加 开...
394,1,财经 券商 债券 产品 同类 基金 证券时报 吴清桦 本报讯 券商 债券 集合 理财产品 平均 收益 转正 大部分 产品 取得 收益 券商 债券 产品 领先 同...
395,3,体育 神奇 老鹰 球队 周超 老鹰 球队 理应 候选者 常规赛 起起伏伏 饱受 非议 直到 季后赛 冷血 杀手 爆发 战场 贡献 战场 20.5 第四节 作用 ...
396,1,财经 富国 海富通 两家 基金 公司 共赚 4.8 亿元 王斌 A股 市场 下挫 基金 份额 缩水 效应 基金 公司 不错 收益 海通 证券 600837. S...
397,4,游戏 手机 社区 棒棒 会员 登录 感谢 友友 棒棒 支持 厚爱 官官 准备 活动 回馈 大家 活动 动手 活动 奖品 回家 登录 会员 帐号 第一次 登录 游...
398,1,财经 建信 优势 动力 基金 折价 首批 创新型 封闭式 基金 建信 优势 动力 股票 型基金 众多 投资者 关注 信息 显示 截至 建信 优势 动力 成立 一...
399,3,体育 首钢 女篮 澄清 事件 球员 不吃 午饭 挨罚 闹情绪 晨报讯 亢雪松 媒体 登出 北京 女篮 三线 队伍 采访 首钢 俱乐部 副总经理 袁超 女篮 主教...
400,4,游戏 手机游戏 蜀山 剑侠 抢先 体验 华益堂 新作 蜀山 剑侠 荣登 手游 世界 全面 解析 蜀山 剑侠 精彩 看点 天地间 徜徉 回首 千年 恩怨 经典 内...
401,1,财经 两市 基指 缩量 微跌 交易 型基金 别冶 发自 北京 市场 下跌 影响 基指 小幅 下挫 基指 0.44 收于 3171.79 基指 0.43 收于 3...
402,0,科技 光学 变焦镜头 佳能 IXUS95 点评 佳能 IXUS IS 智慧 AUTO 模式 智慧 自动 拍摄 模式 升级 DIGIC 影像 处理器 强大 支持 ...
403,5,娱乐 时尚 女魔头 原型 揭秘 爆发 核弹 嚣张 公司 咖啡 午餐 准备 下属 命令 助理 小时 开机 候命 台风 天气 机场 航班 停飞 要求 助理 飞机 纽...
404,0,科技 艾诺 推出 新款 高清 产品 V6000HDK 据悉 艾诺 推出 新款 高清 产品 V6000HDK 大黄蜂 Bumblebee 身材 具备 高清 性能 ...
405,3,体育 梦幻 脚步 连珠 封盖 老鹰 X 战警 勇敢 芝加哥 公牛 亚特兰大 老鹰 系列赛 卡洛斯 布泽尔 史密斯 主场 球迷 狂嘘 面对 嘘声 反应 一肚子 委...
406,3,体育 喜剧 明星 骑士 老板 白痴 警告 皇帝 离开 北京 洛克 好莱坞 喜剧 明星 死忠 斯台普 中心 斯科特 拉伯 一位 作家 詹姆斯 离开 骑士 加盟 热...
407,1,财经 基金 仓位 保持 高水平 股市 震荡 流动性 充裕 市场 显著 特征 新能源 有色金属 煤炭 板块 走强 基金 仓位 变化 基金 操作 呈现 方向 高位 ...
408,1,财经 基金 增持 周期性 行业 新华社 上海 专电 基金业 拉开 基金 季报 披露 大幕 基金 公司 旗下 基金 公布 季报 统计数据 显示 基金 大量 增持 ...
409,0,科技 热门 中端 尼康 D90 防抖 套机 带票 价格 中关村 数码相机 行情 尼康 数码 单反相机 D90 像素 成像 能力 具备 高清 动态 视频 摄像 功...
410,4,游戏 航海 精彩 篇章 上演 地中海 金色 海面 漂浮 尸体 残酷 海战 结束 第一次 罗马教皇 联合 西班牙 军队 战胜 强大 奥斯曼 土耳其 国家 胜利 多...
411,4,游戏 天行 乐园 选拔赛 开启 勇气 勇敢 舞台 了不起 证明 天行 海选 拉开帷幕 一周 已有 很多 个性 特异 girls 参加 活动 海选 活动 女孩 自...
412,5,娱乐 杨采妮 泰国 局势 紧张 取消 广告 娱乐 香港 杨采妮 性感 现身 进军 好莱坞 电影 曼谷 杀手 首映礼 老友 现身 撑场 杨采妮 坦言 男主角 工作...
413,4,游戏 棒棒 家族 回忆录 几米 生命 离开 看见 看不见 记住 遗忘 生命 失落 看不见 看见 遗忘 记住 棒棒 记录 生命 离开 标题 作者 奢华 新人 很少...
414,2,体育 惨败 禅师 告别 温馨 一幕 比赛 结束 笛声 响起 大屏幕 显得 刺眼 主教练 杰克逊 抬头 走向 对手 阵营 对方 拥抱 祝贺 小牛队 成功 晋级 微...
415,1,财经 基金 通乾 年度 收益分配 份派 全景网 日讯 融通 基金 公告 旗下 基金 通乾 收益分配 收益分配 基准 基金 年度 实现 收益 基金 份额 分配 共...
416,5,娱乐 BBC 西游记 雷人 悟空 沙僧 太丑 视频 英国 BBC 打造 动画版 宣传片 东游记 青青 红楼梦 雷人 不倦 英国广播公司 BBC 推出 名著 西游...
417,0,科技 光学 变焦镜头 柯达 M420 外观 通体 银色 金属 质感 强烈 搭配 3.0 英寸 大屏幕 显示 效果 不错 显得 大方 性能 一枚 2.3 英寸 C...
418,4,游戏 文明 活动 获奖 名单 公布 文明 活动 名单 新鲜出炉 感谢 玩家 参与 希望 文明 大家 生活 增添 乐趣 官方 统计 玩家 活动 大赢家 名单 凄婉...
419,1,财经 基金 回到 牛市 水平 收益率 2557.46 再创 反弹 新高 敏感 时刻 震荡 抉择 推出 拨开 迷雾 基金 专题 文章 多个 角度 分析 机构 动向...
420,4,游戏 武林 OL 演绎 大侠 人生 武林 OL 上线 华丽 游戏 画面 多种 绚丽 套装 火爆 震撼 技能 效果 爽快 战斗 轻松 上手 操作 系统 让玩家 全...
421,3,体育 反击 绿军 开场 吹响 号角 皮尔斯 爆发 单节 进账 北京 热火 客场 挑战 双方 总比分 热火 领先 本场 比赛 绿军 生死战 输球 将命 一线 球队...
422,3,体育 湖人 中锋 开炮 参加 训练 北京 湖人队 球员 重返 训练 基地 球员 私人物品 禅师 杰克逊 面对 采访 小牛队 后卫 何塞 巴里 犯规 悔意 费舍尔...
423,5,娱乐 IMDB 免费 服务 中国 用户 无法 娱乐 全球 最大 互联网 电影 数据库 IMDB 用户 提供 观看 电影 电视剧 视频 服务 服务 免费 IMDB...
424,0,科技 时尚 超薄 松下 ZR1 套装 松下 ZR1 外观设计 简洁 适合 不同 人士 选择 机身 轻薄 外观 延续 松下 风格 三围 97.8 x 54.6 x...
425,1,财经 基金 无惧 分流 埋伏 早报 肖莉 市场 预期 创业板 听到 包括 基金 机构 担心 资金 分流 风险 投资 包括 券商 大批 创业板 股票 基金 经理 ...
426,4,游戏 再战 契约 上限 开放 契约 内测 几个 奋战 相信 玩家 游戏 封顶 很多 玩家 开放 大家 冲刷 挑战 任务 契约 OL 例行 维护 全面 开放 上限...
427,0,科技 原装 配件 索尼 高清 卡片机 T900 套装 促销 中关村 数码相机 行情 索尼 T900 继承 T 传统 外形 优势 一部 高像素 传感器 HDTV ...
428,2,体育 湖人 申诉 争议 判罚 禅师 亲送 录像 裁判 北京 湖人 比赛 受到 公正 对待 杰克逊 十有八九 媒体 放炮 爱好 告诫 首场 比赛 输给 小牛 杰克...
429,1,财经 首单 QDII 专户 合同 落定 新快报 吴谭 交银 施罗德 基金 公司 宣布 公司 知名企业 签署 首单 QDII 专户 合同 首单 QDII 专户 合...
430,3,体育 湖人 智囊 第六 取胜 之匙 进攻 要点 北京 洛杉矶 湖人队 两个 选择 客场 赢下 第六场 结束 系列赛 回到 洛杉矶 准备 第七场 决战 第六场 黄...
431,5,娱乐 蝙蝠侠 内地 上映 天破 天破 上映 蝙蝠侠 骑士 破纪录 势头 不住 票房 口碑 批量 书写 影史 传奇 惊讶 影迷 追问 内地 得见 蝙蝠侠 尊容 中...
432,3,体育 疯狂 抢断 新疆 完胜 上海 连胜 北京 CBA 联赛 比赛 火热 新疆 坐镇 主场 红山 体育馆 迎战 上海队 全场 最高 新疆 轻松 战胜 上海 取得...
433,3,体育 替罪羊 刘炜 嘘声 比赛 季后赛 放弃 无辜 本报讯 田欣欣 国家队 主力 控卫 刘炜 想到 比赛 遭到 主场 球迷 嘘声 全场 球迷 刘炜 事出有因 半...
434,1,财经 基金 大盘 本报讯 敖晓波 股市 上涨 股票 方向 基金 打了个 统计 显示 股票 方向 基金 取得 不错 收益 整体 大盘 整体 大盘 一系列 产业 振...
435,0,科技 有效 像素 佳能 D 套机 佳能 EOS D APS C 感应器 有效 像素 强大 DIGIC 影像 引擎 代理 处理速度 佳能 EOS D 最高 像素 ...
436,4,游戏 手机 网游 女儿国 OL 系统 评测 游戏 基本 信息 游戏 平台 手机游戏 类型 回合制 收费 模式 游戏 免费 道具 收费 体验 资历 女儿国 获奖 ...
437,4,游戏 神契 online 大盘 神契 online 公测 受到 众多 玩家 支持 喜爱 细心 玩家 提出 很多 宝贵 意见 玩家 要求 相应 修正 把握 神契 ...
438,5,娱乐 章子怡 第二部 好莱坞 作品 骑士 北美 上映 艺伎 回忆录 章子怡 接拍 第二部 好莱坞 电影 骑士 经历 了补 拖期 波折 确定 北美 上映 发布 日...
439,3,体育 热火 vs 公牛 赛程 芝加哥 开战 决胜 北京 公牛 大胜 老鹰 取得 常规赛 第一 芝加哥 踏入 决赛 热火 争夺 冠军 总决赛 名额 NBA 第一 ...
440,0,科技 COWON 官方 发布 新品 V5HD 开卖 韩国 COWON 官方 宣布 旗下 最新款 PMP 产品 型号 V5HD 一段 视频 流出 机器 怀疑 CO...
441,5,娱乐 电影 眼球 摄像头 拍摄 纪录片 加拿大 电影 罗布 斯彭斯 计划 技术人员 帮助 摄像头 装入 义眼 拍摄 一部 视角 纪录片 斯彭斯 希望 记录 画面...
442,4,游戏 手机 网游 神域 OL 停运 公告 亲爱 神域 OL 玩家 数字 玩家 倾情 奉献 手机 网游 巨作 神域 OL 二次 封测 关闭 封测 服务器 感谢 广...
443,3,体育 老鹰 MVP 两名 打法 能屠 魔兽 玫瑰 老鹰 变阵 首轮 系列赛 主力 杰森 科林斯 提拔 艾尔 霍福德 史密斯 向下 顺延 比赛 推进 老鹰 基本 ...
444,4,游戏 诛神 online 玩家 大战 公司 诛神 online 玩家 提供 鸣谢 内容 诛神 online 官方 确认 真实性 准确性 第一回 玩游戏 头疼 手...
445,5,娱乐 新片 基德曼 贵妇 造型 曝光 本报讯 歌舞 新片 Nine 意大利 罗马 奥斯卡 影帝 丹尼尔 刘易斯 影后 基德曼 亮相 片场 拍摄 一组 贵妇 造型...
446,4,游戏 武林 OL 隆重 新区 掌上明珠 经典 武侠 题材 手机 网游 武林 OL 隆重 开启 武林 OL 新区 广大 玩家 呈现 武侠 世界 玩家 起跑线 发展...
447,3,体育 调查 罗斯 主场 捧杯 率队 赢球 评价 北京 公牛 主场 击败 老鹰 第二轮 总比分 扳成 新科 MVP 罗斯 带伤 出战 拿下 助攻 篮板 命中率 体...
448,4,游戏 烙印 媲美 PC 网游 传说 手机 网游 不能 媲美 PC 网游 烙印 终结 烙印 九九 乐游 全力 打造 魔幻 题材 MMORPG 手机 网络游戏 产品...
449,5,娱乐 担任 电影节 闭幕式 司仪 娱乐 电影节 官方网站 发布 俄罗斯 戏剧 舞台 银幕 领域 取得 双重 成就 女演员 波特 担任 电影节 闭幕式 主持人 中...
450,1,财经 逝去 诺言 撕毁 基金 投资 契约 世纪 经济 刘建强 投之以 报之以 基金 投资者 人会 持有 基金 变得 面目 宣称 大盘 基金 海南 海药 美邦 服...
451,5,娱乐 混血 七龙珠 发哥 仙人 绿色 票房 伴随 骂声 粉丝 指出 七大 硬伤 好莱坞 动作 大片 龙珠 进化 成都 上映 美国 一个多月 人物 设定 颠覆 日...
452,1,财经 中邮 核心 优选 募集 亿元 低于 预期 商报讯 陈洁 开放 申购 募集 亿多 份额 中邮 核心 优选 基金 工作人员 韩明 透露 预想 要少 中邮 核心...
453,5,娱乐 金融 海啸 拖垮 集资 丹尼尔 忧下 一部 开拍 娱乐 金融 海啸 影响 全球 电影界 波及 丹尼尔 受访 坦承 一集 电影 开拍 铁金刚 量子 杀机 宣...
454,1,财经 神秘 散户 跟随 基金 获利 钱妤 晚报 一位 神秘 散户 跟随 基金 公司 旗下 新中 海南 海药 广州 冷机 股份 四只 个股 流通股东 获利 万元 ...
455,3,体育 十年 定律 公牛 夺冠 罗斯 复制 乔丹 神话 战役 公牛 晋级 决赛 一场 胜利 常规赛 战绩 球队 登顶 历史 答案 乐观 常规赛 MVP 球队 总冠...
456,1,财经 小盘 基金 抢眼 市场 回调 四个 交易日 股指 下跌 接近 三只 型基金 上涨 全部 下跌 市场 转机 交易日 上证综指 涨幅 2.70 截至 上周五 ...
457,4,游戏 宝贝 国度 复活节 复活节 重要 基督徒 复活节 象征 着重 希望 纪念 耶稣基督 钉死 十字架 第三天 复活 日子 复活节 很多 西南 干旱 小小年纪 ...
458,1,财经 股票 方向 基金 整体 大盘 北京 全线 股票 方向 基金 打了个 银河证券 基金 研究 中心 统计数据 显示 股票 平衡 型基金 平均 净值 增长率 2...
459,2,体育 湖人 将士 大战 集体 喜剧 禅师 忘掉 愉快 北京 ESPN 湖人 继续 客场 迎来 小牛 比赛 落后 不能 拿下 一支 横扫 出局 卫冕冠军 大战 湖...
460,4,游戏 online 追失 宝大 金豆 繁华 和平 盛世 之徒 存在 尉迟恭 和秦琼 两位 长安城 国库 两位 当作 门神 供奉 主儿 遇到 几个 小毛 不能 几...
461,0,科技 GB 硬盘 全高清 索尼 XR100E 山东 IT 索尼 XR100E 商家 济南 天虹 万美 售价 索尼 XR100E 索尼 GB 硬盘 高清 摄像机 ...
462,1,财经 基金 误判 错失 赚钱 盛宴 A股 市场 走出 一轮 强势 反弹 行情 截至 上证综指 上涨 30.34 38.49 37.96 A股 强劲 上涨 偏股 ...
463,4,游戏 手游 Android 系统 小奥 游戏城 免费 下载 小奥 经典 游戏 Android 系统 完美 融合 豪华版 金花 麻将 青花 中国象棋 专业版 齐聚...
464,4,游戏 口袋 精灵 五一 活动 震撼 爆发 想要 人品 积累 人品 加入 口袋 精灵 五一节 爆发 人品 活动 参与 活动 丰厚 奖励 玩家 完成 闪光 平原 主...
465,0,科技 支持 光学 防抖 功能 佳能 A2100 佳能 A2100 数码相机 黑色 为主 沉稳 内敛 更具 专业 气质 101.9 63.5 31.9 外观 尺寸...
466,1,财经 基金业 人才 匮乏 凸显 三成 基金 经理 别冶 发自 北京 风雨 十一载 基金 广泛 融入 国民 理财 生活 基金业 基金业 遭遇 人才 瓶颈 基金 人...
467,3,体育 詹姆斯 镁粉 铁律 赢球 北京 第一战 詹姆斯 全能 战士 全场 篮板 助攻 球队 赢球 在场 做出 改变 明显 改变 剪短 头发 剃光 费城 季后赛 开...
468,0,科技 BT 下载 免费 P 忆捷 M880 热卖 忆捷 推出 支持 BT 下载 全能王 高清 播放机 M880 CPU DSP 架构 支持 DTS 环绕 音频 ...
469,2,体育 湖牛战 关键 战术 重要 疯狂 不能 疯狂 北京 湖人 小牛 七番 大战 小牛 战四胜 比赛 胜负 关键 无关 战术 决心 毅力 战胜 逆境 意志 小牛队...
470,1,财经 华山论剑 中国 私募 排座次 上周末 来自 全国 私募 人士 云集 深圳 参加 第三届 私募 高峰论坛 资料 显示 截至 全国 私募 股权 基金 规模 超...
471,4,游戏 天域 OL 红五月 歌唱 比赛 开赛 红色 充满 力量 充满希望 月份 日子 看看 天域 OL GM 小分队 忙活 组织 红五月 歌唱 比赛 活动 奖励 ...
472,4,游戏 手机 网游 九州 OL 奥秘 接触 九州 online 资料片 风云 再起 世界 装备 配以 魔符 带来 惊人 效果 无数 英雄 魔符 可遇 不可 稀有 ...
473,3,体育 数据 劲风 雷霆 单场 加里 纳利 劳森 马丁 共同点 掘金队 五虎 结束 比赛 塞尔吉 伊巴 大帽 伊巴 出栏 猛兽 几分钟 加里 纳利 劳森 单节 盖...
474,3,体育 鲨鱼 降至 季后赛 邓帅 主动权 本报讯 实习生 郭超豪 谷苗 CBA 战罢 一场 争夺 季后赛 席位 关键 比赛 上海 男篮 客场 不敌 排名 联赛 北...
475,3,体育 数据 趣谈 阿杜 魔术师 热火 中锋 另类 纪录 北京 NBA 比赛 比赛 诞生 有趣 数据 凯文 杜兰特 率领 雷霆 战胜 掘金 晋级 杜兰特 年满 N...
476,4,游戏 灵兽 世界 三倍 经验 活动 灵兽 世界 三天 推出 偶数 全服 三倍 经验 活动 偶数 打怪 经验 玩家 把握 升级 海盗 试炼 调整 灵兽 世界 海盗...
477,5,娱乐 斯文 疾病 有利于 演技 发挥 娱乐 斯文 Tilda Swinton 接受 采访 患上 痢疾 电影 发挥 有所 帮助 艰苦 条件 角色 奥斯卡 女演员 ...
478,1,财经 摩根 投资 总监 孙延群 病休 基金 经理 劳症 第一例 曹元 见到 孙延群 颁奖 活动 发言 申请 病休 上海 基金 公司 人士 看到 摩根 基金 管理...
479,4,游戏 手机 网游 天域 灯笼 高高挂 喜庆 爆竹声 声响 吉祥 对联 气氛 天域 OL 世界 热闹 寻鼎 开启 天域 OL 新春 数万 新人 闯关 冲级 力争 ...
480,3,体育 内线 萎靡 烘托 王牌 控卫 指挥官 小威 NBA 季后赛 西区 第二轮 孟菲斯 客场 负于 俄克拉荷马 雷霆 系列赛 双方 战成 输球 康利 抢眼 出战...
481,0,科技 光学 变焦镜头 佳能 IXUS990IS 佳能 IXUS IS 搭载 一枚 2.3 英寸 有效 像素 CCD 感光 元件 光学 变焦 镜头 IS 光学 影...
482,3,体育 洛城 专家 翻盘 一场 胜利 北京 洛杉矶 湖人队 半决赛 落后 洛杉矶 时报 专栏作家 TJ 斯莫斯 失去 信心 相信 杰克逊 能力 带领 球队 走出 ...
483,0,科技 原厂 mm 镜头 尼康 D300S 套机 降价 作者 中关村 陈亮 中关村 数码影像 行情 D300S 秉承 尼康 DX 格式 旗舰 产品 特性 连拍 自...
484,5,娱乐 澳大利亚 遭恶 生硬 芭比 竞报 张暄 被誉为 澳大利亚 澳大利亚 于本周 北美 上映 影后 基德曼 遭遇 恶评 旗袍 样子 美艳 动人 据说 基德曼 称...
485,0,科技 避雷针 USB 宠物 售价 9.99 潮流 数码产品 重要 东西 全世界 用电量 最小 全世界 最省电 全世界 兼容 系统 全世界 防水 防撞 防沙 最强...
486,5,娱乐 终结者 女主角 期待 巩俐 飙戏 娱乐 亚洲 情结 导演 McG 新一集 终结者 启用 韩国 血统 好莱坞 女星 布拉德 扮演 救世军 一位 飞行员 超爱...
487,1,财经 交银 施罗德 签署 首单 QDII 专户 合同 本报讯 交银 施罗德 宣布 多家 客户 沟通 公司 知名企业 签署 首单 QDII 专户 合同 签署 专户...
488,2,体育 加索尔 比赛 对抗 激烈 弟弟 晋级 开心 北京 洛杉矶 湖人 经历 一天 休息 丰田 体育中心 常规 训练 备战 第二轮 比赛 训练 结束 加索尔 接受...
489,1,财经 基金业 成立 首个 慈善 基金会 本报讯 吕佳 获悉 大成 基金 管理 有限公司 发起 设立 基金业 首个 慈善 基金会 广东省 大成 慈善 基金会 成立...
490,4,游戏 赤壁 霸业 游说 喜迎 虎将 赤壁 霸业 美妙 世界 诸葛亮 游说 群儒 游说 口才 众多 武将 臣服于 感受 霸王 征战 顶级 武将 游说 出来 众多 ...
491,3,体育 麦克戴斯 宣布 退役 老兵 两手空空 遗憾 再见 北京 圣安东尼奥 媒体 SA Express News 淘汰 马刺 老将 麦克戴斯 宣布 退役 职业生涯...
492,5,娱乐 灵侠 银幕 预告片 娱乐 狮门 影视 公司 Odd Lot 娱乐 公司 推出 美国 漫画 大师 艾斯纳 Will Eisner 同名 漫画 改变 电影 灵...
493,1,财经 交银 施罗德 基金 经理 配合 基金 猛推 中小板 赵杨 市场 基金 完成 发行 任务 基金 涌现出 独具 特色 基金 产品 基金 经理 配合 产品 推广...
494,4,游戏 文明 II 纠错 BUG 奖励 发布 文明 II 火眼金睛 纠错 BUG 行动 活动 圆满结束 广大 玩家 文明 II 支持 活动 奖品 发出 中奖 玩家...
495,0,科技 尼康 D3000 防抖 套机 原装 中关村 数码影像 行情 尼康 D3000 配有 引导 模式 摄影者 掌握 数码 单反相机 拍摄 功能 用户 友好 界面...
496,3,体育 F4 第一 高薪 垃圾 合同 刀锋战士 消失 风里 波士顿 负于 热火 轮转 最差 梅因 奥尼尔 出赛 篮板 小奥 鲜有 佳作 首轮 尼克斯 火锅 盛宴 ...
497,3,体育 四年 热火 波士顿 韦德 下场 不会 邱星 主场 TD 花园 热火 球员 愿意 四年 品尝 胜利 滋味 热火 波士顿 主场 赢球 四月 热火 客场 艰难 ...
498,2,体育 半决赛 视频 直播表 小牛 vs 湖人 II 热火 NBA 季后赛 东西 半决赛 北京 打响 体育 继续 独家 视频 直播 一场 精彩 赛事 灰熊 雷霆 ...
499,5,娱乐 女王 续集 聚焦 布莱尔 克林顿 对话 尼克松 Frost Nixon 编剧 摩根 Peter Morgan 创作 电视 电影 交易 The Deal 电...
500,1,财经 指数 基金 成立 募近 亿元 全景网 日讯 鹏华 基金 公告 旗下 指数 基金 LOF 成立 募近 亿元 基金 起向 社会 募集 截至 基金 募集 工作 ...
501,1,财经 基金 扎堆 七匹狼 连续 两天 放量 突破 七匹狼 年报 显示 公司 实现 营业 收入 16.53 亿元 增长 88.56 实现 上市公司 股东 净利润 ...
502,3,体育 罗斯 拿下 公牛 力克 老鹰 总比分 北京 公牛 主场 击败 老鹰 系列赛 领先 取得 赛点 罗斯 拿下 助攻 洛尔 卡洛斯 布泽尔 基斯 博甘斯 老鹰 ...
503,0,科技 全高清 怪兽 三星 C10 丰厚 套装 山东 IT 三星 C10 商家 济南 北星 数码 售价 包括 G 三星 原装 摄像机 三脚架 清洁 套装 一套 备...
504,0,科技 光学 变焦镜头 富士 S1500 作者 刘然 强大 变焦 功能 富士 S1500 装备 CCD 位移 光学 防抖 结合 高感光度 能够 画面 抖动 模糊 ...
505,5,娱乐 英国 首映 万美元 票房 纪录 作品 一部 量子 危机 英国伦敦 首映 一天 票房 万美元 大量 预售票 量子 危机 英国 单日 票房 最高 影片 打破 ...
506,0,科技 光学 变焦 富士 A175 富士 A175 外观 沿用 A 经典 设计 机身 塑料 材质 表面 磨砂 工艺 处理 最薄 处为 21.9 mm 体重 不错 ...
507,4,游戏 手机 网游 晶灵 OL 活动 四处 家家 置办 年货 吉祥 福虎 预兆 美好 一年 即将来临 晶灵 龙腾虎跃 活动 上线 甜蜜 之恋 极品 称号 四倍 经...
508,1,财经 华宝 兴业 现金 新增 销售 网点 华宝 兴业 基金 公司 旗下 现金 货币 市场 基金 农业银行 中信银行 全线 上柜 销售 投资者 中信银行 全国 网...
509,5,体育 新华 时评 足坛 克利斯 高悬 新华网 北京 体育 专电 郑道锦 中国 足球 确定 伦敦 巴西 世界杯 目标 标志 中国 国字号 球队 艰难 起航 大众 ...
510,5,娱乐 美国 电影 电视 金球奖 推迟 一周 举行 娱乐 北京 媒体报道 奥斯卡奖 颁奖 调整 包括 金球奖 英国 电影 学院奖 前哨 颁发 变化 金球奖 公布 ...
511,3,体育 公牛 复出 利好 布泽尔 批评 打倒 潘谨勤 公牛队 等待 卡洛斯 布泽 决定 首轮 季后赛 布泽 右脚 脚趾 受伤 能否 半决赛 首场 比赛 疑问 队友...
512,3,体育 热火 主力 冷冻 战绿军 酝酿 北京 热火 主场 击败 费城 总比分 晋级 第二轮 本场 热火 变化 球队 沿用 阵容 中场 调整 两名 主力 放眼 热火...
513,4,游戏 封神 online 钟声 响彻 封神 散财 童子 准时 玩家 发放 吉星高照 礼包 宝石 原石 雕琢 开封 卷轴 众多 宝贝 免费 小时 童子 活动 玩家...
514,5,娱乐 好莱坞 翻拍 甄子丹 促成 交易 娱乐 甄子丹 blog 香港 启播 宣传 谈到 电影 翻拍 好莱坞 版本 一事 甄子丹 坦言 促成 合作 中间人 会否 ...
515,0,科技 超薄 时尚 家用 卡片 DC 索尼 S930 相比 索尼 T 时尚 外观 索尼 S930 外观 突出 89.5 61.0 26.1 mm 机身 尺寸 显得...
516,0,科技 纽曼 XD90 录音笔 到货 GB 售价 作者 中关村 毛晓曼 纽曼 XD90 机身 IMD 表面 装饰 技术 产品 防止 表面 刮花 摩擦 长期保持 颜...
517,0,科技 余元 让利 海信 K320 投影 特价 LED 投影设备 推出 吸引 众多 消费者 目光 商务 展示 产品 说明 公司 培训 学校 教学 朋友 聚会 家庭...
518,5,娱乐 好莱坞 票房 票房 改写 历史纪录 中新社 洛杉矶 一月 四日电 张炜 第一个 新片 公映 北美 电影 市场 取得 票房 改写 历史纪录 喜剧片 马利 蝉...
519,1,财经 QDII 基金 平均 净值 下降 1.32 商报讯 全球股市 回暖 股市 上扬 投资 QDII 基金 QDII 基金 平均 净值 下降 1.32 和讯 基...
520,1,财经 基指 七个 新高 新报讯 任强 基指 连续 第三周 上涨 再创 七个 新高 连续 第二周 大盘 封闭式 基金 全线 上扬 基指 开盘 3182.59 收盘...
521,5,娱乐 丑女 贝蒂 转型 主妇 加盟 影片 美国 悲剧 娱乐 传出 亚美 America Ferrera 梅丽莎 雷欧 Melissa Leo 加入 电影 美国 ...
522,4,科技 英寸 大屏幕 G 处理器 东芝 TG01 手机 评测 第一次 见到 东芝 TG01 巨大 体积 Windows Mobile 6.1 系统 感觉 手机 起...
523,2,体育 NBA 迷局 横扫 留给 湖人 NBA 历史 一支 球队 能够 总比分 落后 实现 翻盘 落后 一方 表面 上留 实现 奇迹 希望 结局 失望 看上去 无...
524,4,游戏 赤壁 OL 攻城战 诸侯 硝烟 赤壁 攻城战 诸侯 硝烟 d 手机 网游 赤壁 OL 新服 三分 开服 火爆场面 游戏 单人 PK 挑战 极限 副本 竞技...
525,4,游戏 iPhone 拿下 美国 掌机 游戏 市场 份额 苹果 iPhone OS 平台 iPhone iPod touch 上市 iPad 明显 掌机 游戏 市...
526,0,科技 光学 变焦镜头 松下 FX65 作者 陈亮 松下 FX65 光学 变焦 镜头 焦距 范围 mm mm 维纳斯 影像 处理 引擎 处理速度 丰富 拍摄 画面...
527,0,科技 佳能 D 套机 中关村 数码相机 行情 佳能 EOS D 像素 成像 能力 DIGIC 图像 处理器 中端 单反相机 出色 画质 良好 机身 性能 市场 ...
528,1,财经 基金 建仓 临近 收官 景顺 长城 仓位 三成 王玉 A股 反弹 搭乘 顺风 算上去 月份 成立 基金 基金 建仓 完毕 建仓 临近 结束 刚成立 抱团 ...
529,2,体育 浪费 生命 一年 相信 队友 夺冠 北京 洛杉矶 湖人 告别 发布会 继续 出席 发布会 湖人 战绩 谈到 达成 目标 原因 是否 疲劳 一段 历程 伟大...
530,4,游戏 乐园 生活 增添 色彩 亲爱 宝贝 乐园 贴心 推出 游戏 平台 交友 功能 备受 广大 玩家 喜爱 是否 尝试 编带 逛逛 v 阳光 沙滩 海浪 乐园 ...
531,0,科技 搭配 镜头 尼康 D90 套装 售价 尼康 D90 D80 机身 设计 左前方 增加 D300 棱型 突起 D80 明显 角状 凹槽 这两项 设计 实际 ...
532,1,财经 核心 动力 股票 基金 获批 申屠 青南 基金 公司 宣布 核心 动力 股票 型基金 中国证监会 批准 发行 基金 代销 基金 托管人 中国银行 代销 机...
533,1,财经 华夏 中邮 核心 接盘 实习生 大力发展 新能源 产业 管理层 讲话 激发 市场 新能源 概念 想象 空间 具有 新能源 概念 安泰 科技 股票 涨幅 不...
534,3,体育 韦德 暴扣 巨头 战斗 助攻 篮板 抢断 盖帽 热火 客场 打出 数据 德维恩 韦德 热火 主力阵容 发挥 坚持 一刻 勇士 主场 作战 战斗 信心 飙升...
535,3,体育 一把 好人 盖帽 卡再 帕胖 复苏 西区 季后赛 第二轮 雷霆 主场 负于 来访 灰熊队 系列赛 落后 雷霆 内线 球员 塞尔吉 伊巴 上场 篮板 两双 ...
536,5,娱乐 点评 行动 目标 希特勒 打分 娱乐 影视 点评 第三次 影片 行动 目标 希特勒 打分 截至 观看 影片 点评 成员 百分制 基础 打出 平均分 73....
537,1,财经 益民 基金 总经理 辞职 宋瑞 代理 总经理 职务 全景网 日讯 益民 基金 公告 公司 总经理 刘义鹏 工作 变动 辞职 宋瑞 代为 履行 公司 总经理...
538,4,游戏 愚人节 宝贝 国度 梦网 不会 开放 新宠 愚人节 迎接 全年 另类 搞笑 宝贝 国度 开启 愚人节 宝箱 活动 开放 玩家 灵狐 印第安 头饰 玩家 能...
539,1,财经 基金 年报 了解 基金 渠道 基金 定期 报告 于基民 来讲 了解 整体 基金 运作 重要 信息 来源 技巧 阅读 基金 定期 报告 慧眼 识出 具有 价...
540,2,体育 湖人 官方 在场 时输 禅师 叫板 首场 比赛 拿到 篮板 打出 数据 拉玛尔 对得起 年度 第六 身份 湖人 输球 不能 苛责 第二场 篮板 罚球 三分...
541,2,体育 禁赛 一场 野兽 无缘 北京 NBA 官网 执行 副总裁 斯图 杰克逊 公布 罗恩 一项 处罚 决定 湖人 前锋 小牛 比赛 击打 对方 后卫 何塞 胡安...
542,1,财经 业绩 榜单 出炉 基金 最大 差距 晨报 李锐 震荡 明显 后果 导致 类型 基金 业绩 分化 明显 结束 基金 榜单 争夺 受益 A股 市场 反弹 基金...
543,0,科技 mm 镜头 佳能 D 套机 点评 佳能 D 位于 入门 用户 数码 单反相机 DIGIC III 影像 处理器 应用 ISO 画质 提升 小巧 机身 优质...
544,5,娱乐 奥斯卡 歌曲 入围 名单 公布 娱乐 北京 入围 奥斯卡奖 歌曲 作品 公布 参评 奥斯卡 歌曲 门槛 满足 歌曲 参赛 影片 具备 奥斯卡 影片奖 评选...
545,0,科技 配备 防抖 镜头 尼康 D5000 送礼 中关村 数码相机 行情 尼康 DX 格式 新款 单反相机 D5000 具备 像素 成像 能力 配备 方便 2.7...
546,4,游戏 手机 网游 文明 活动 佳节 文明 II 全体 玩家 新春 结束 文明 II 激情 活动 结束 文明 II 举办 活动 玩家 共庆 佳节 活动 有效 登陆...
547,0,科技 时尚 超薄 卡片 富士 J26 作者 刘然 富士 J26 模式 结合 脸部 识别 技术 保证 完美 照片 机器 报价 百元 跌幅 性价比 不错 富士 风范...
548,3,体育 艾伦 马布里 辽宁 险胜 佛山 连败 北京 CBA 常规赛 第二十六 继续 辽宁队 主场 击败 佛山 取得 两连胜 全场 比赛 辽宁队 得分 上双 艾伦 ...
549,1,财经 长信 基金 理性 视野 把握 投资 时机 全球 经济 放缓 资产 全线 贬值 严重 打击 投资者 信心 关注 投资 领域 证券市场 牵动 亿万 民众 神经...
550,1,财经 华夏 基金 修改 旗下 部分 开放式 基金 合同条款 全景网 日讯 华夏 基金 公告 公司 决定 旗下 部分 开放式 基金 基金 合同 修改 修改 内容 ...
551,3,体育 德隆 球队 施压 要求 补强 篮网 爵士 吸引力 北京 季后赛 停摆 很多 球员 考虑 去处 本赛季 转会 篮网 德隆 一员 接受 采访 考虑 打球 篮网...
552,4,游戏 千尺 宝典 流量 大片 手机 账单 冥想 电影 大片 接二连三 手机 频繁 下载 流量 飘走 商家 整天 智能手机 取代 电脑 现实 残酷 G 上马 资费...
553,4,游戏 天问 online 财神 烧香 体验 一回 民俗文化 财神爷 民俗 财神 日子 好多 财神庙 第一 柱香 敬香 财神 方式 祈福 祈求 好运 祝福 财运 ...
554,5,娱乐 主演 澳洲 乱世 确定 贺岁 本报讯 杨林 发行 获悉 第一波 分账 大片 出炉 上映 马达加斯加 基德曼 主演 澳洲 乱世 Austrila 登陆 杰森...
555,5,娱乐 组图 权相宇 复出 煽情 告白 新片 恋上 李宝英 问到 出生 孩子 权相宇 孩子 胎名 Lucky 孩子 出生 幸运 名字 权卢克 确定 名字 权相宇 ...
556,5,娱乐 时尚 点评 白色 多元 拼接 时尚 新潮流 娱乐 北京 美国 奥斯卡金像奖 颁奖典礼 洛杉矶 柯达 剧院 举行 北京 众星 盛装 走上 红地毯 红毯 PK...
557,2,体育 小牛 离谱 命中率 吓傻 湖人 热火 绿衫 小牛 客场 赢球 不能 晋级 低着头 走回 休息室 湖人 系列赛 噩梦 湖人 承认 小牛 太强大 洛城 专家 ...
558,5,娱乐 龙珠 神龙 现身 剧照 火力 娱乐 好莱坞 真人版 电影 龙珠 进化 Dragonball Evolution 日本 电视节目 放出 镜头 传开 灵通人士...
559,4,游戏 力作 火爆 上线 PC 单机游戏 呈现 游戏 精彩 亮点 游戏 历时 八个 完美 移植 手机 游戏 讲述 美丽 大陆 完美 作品 大陆 依靠 水晶 能量 ...
560,4,游戏 灵兽 世界 OL 任务 活动 灵兽 世界 任务 活动 全面 上线 想要 大量 经验 想要 装备 材料 解封 奖励 研究 活动 内容 小时 奖励 任务 完成...
561,3,体育 绿军 客队 更衣室 外险 斗殴 不开 北京 热火 绿军 赛场 气氛 火爆 延续 比赛 两个 随队 争抢 位置 打架 比赛 小时 主帅 惯例 客队 更衣室 ...
562,3,体育 主帅 解释 第四节 犯规 梅奥 豪言 六场 解决 战斗 北京 mysanantonio NBA 季后赛 首轮 孟菲斯 客场 不敌 圣安东尼奥 马刺 总比分...
563,4,游戏 d 网游 赤壁 OL 阳春 风景 独好 阳春 掩饰 不住 春色 一场 大雪 阻挡 不了 昂然 春意 呼朋引 春色 美景 不了 d 赤壁 OL 景色 唯美 ...
564,5,娱乐 蝙蝠侠 亲人 认罪 可免 起诉 娱乐 蝙蝠侠 贝尔 酒店 母亲 姐姐 案件 控方 律师 警方 建议 作出 警告 条件 承认 控罪 警方 起诉 袭击 被控 ...
565,3,体育 马刺 获胜 功臣 宣布 参战 欧锦赛 帕克 渴望 搭档 加时赛 比赛 帮助 马刺 获胜 功臣 托尼 帕克 确定 参加 欧锦赛 法国 发动机 开赴 立陶宛 ...
566,0,科技 高清 防抖 卡片机 索尼 T900 促销 丰富 配件 中关村 数码相机 行情 索尼 T900 继承 T 传统 外形 优势 一部 高像素 传感器 HDTV ...
567,5,娱乐 沃斯堡 影评人 协会 贫民 富翁 胜出 娱乐 北京 执着 预测 奥斯卡 奖项 提名 闻名 沃斯堡 影评人 协会 Dallas Fort Worth Fil...
568,5,娱乐 组图 亮相 地球 毁灭 密码 纽约 首映 娱乐 北京 美国 出演 灾难片 地球 毁灭 密码 纽约 举行 首映礼 两位 主演 和鲁思 两位 小演员 Chan...
569,4,游戏 D 赛车手 巨献 狂飙 D 完美版 D 赛车 手机游戏 巨献 狂飙 D 完美版 风格 独特 D 赛车 游戏 游戏 设置 车型 玩家 选择 设置 场景 赛道...
570,0,科技 光学 变焦镜头 三星 WB1000 机型 秉承 三星 蓝调 复古 外观 仪表盘 看起来 全金属 机身 配以 光滑 黑色 涂层 看起来 十分 大气 机身 手...
571,5,娱乐 澳大利亚 纽约 化身 时尚 教母 娱乐 美国 澳大利亚 Australia 纽约 工作室 看片会 基德曼 双双 出席 影片 内容 采访 发言 试映 结束 ...
572,3,体育 兰胖 暴走 决战 一场 北京 主场 击败 雷霆 系列赛 拖入 全场 篮板 封盖 荣膺 展现 出来 统治力 马刺 第六场 一节 华丽 演出 视作 季后赛 封...
573,4,游戏 好玩 玄幻 帝王 动作游戏 轩辕 知名 手机游戏 开发商 北京 掌中 飞天 玄幻类 帝王 传奇 动作游戏 轩辕 隆重 登陆 手机游戏 网站 掌中 飞天 R...
574,5,娱乐 茱莉 金球奖 受访 中新网 金球奖 颁奖典礼 落幕 布拉德 皮特 Brad Pitt 安吉 茱莉 Ange 听歌 lina Jolie 星光 大道 采访 ...
575,1,财经 诺安 基金 信托 利益输送 理财 周报 仇晓慧 私募 人士 爆料 诺安 基金 深国投 合作 结构化 信托 产品 存在 利益输送 嫌疑 深国投 网站 看到 ...
576,4,游戏 豪华 大作 启示录 烙印 系统 详解 启示录 豪华 制作 角色扮演 游戏 升级 引擎 游戏 画面 特效 战斗 设置 辅助 系统 游戏 提高 层次 全屏 特...
577,1,财经 基金 招聘 渠道 投研 人才 证券时报 程俊琳 金鹰 基金 公司 发布 招聘 渠道 投研 部门 力量 扩充 方向 基金 公司 加速 人才 储备 继续 增加...
578,4,游戏 d 赤壁 OL 内容 亲爱 亲们 大家 例行 服务器 d 赤壁 OL 支持 理解 内容 1. 修正 结义 军团 升级 方式 只能 升级 军团 2. 降低 ...
579,4,游戏 神兆 OL 新区 一剑 凌云 富有 神秘 色彩 横版 网游 神兆 OL 经历 半个 版本 优化 强势 开放 一剑 凌云 新区 火热 程度 不亚于 盛夏 海...
580,5,娱乐 档案 日程 导演 制作 计划 娱乐 北京 北美 媒体报道 神秘 美剧 迷失 lost 制作 电影 碟中谍 Mission Impossible III 导...
581,4,游戏 时空 OL 公测 亮点 揭秘 时空 团队 异地 合作 副本 轮回 交叉 时空 任务 核心 玩法 穿越 网游 时空 OL 删档 内测 受到 玩家 火热 追捧...
582,4,游戏 游记 网游 理念 用户 体验 区别 娱乐 方式 进化 网络 技术 发展 网络游戏 新鲜 玩意 绝大多数 生活 一部分 听说 网游 网游 白领 人群 热点 ...
583,0,科技 时尚 卡片机 尼康 S220 套装 尼康 S220 延续 S 纤巧 超薄 机身 设计 铝合金 材质 打造 表面 质地 细腻 不易 沾染 指纹 S220 紫...
584,4,游戏 封神 ol 大手笔 送礼 丰满 中国 富有 特色 传统节日 标志 一年 结束 一年 人们 告别 寒冷 迎接 一零年 新春 即将来临 回馈 玩家 封神 ol...
585,3,体育 深锐 观察 季后赛 平民 球队 难逃 无核 悲剧 面对 球星 当家的 季后赛 对手 平民 球队 步行者 掘金 金四辉 平民 秘诀 面对 尴尬 局面 几位 ...
586,0,科技 千万 像素 入门 DC 三星 ES15 山东 IT 三星 ES15 商家 济南 北星 数码 G 三星 原装 MAH 充电 套装 液晶屏 保护膜 三脚架 售...
587,4,游戏 手机 网游 天问 OL 城市 建议 两周 听说 天问 推出 城市 战争 网游 混迹 多年 玩家 城战 相信 大家 不会 陌生 很多 游戏 内容 内容 刺激...
588,0,科技 完美 征服 索泰 P 高清 HTPC 到货 津门 促销 类型 主板 促销 起始 促销 内容 高清 播放 功能 变得 重要 原生 HDMI 支持 P 高清 ...
589,0,科技 尼克尔 变焦镜头 尼康 S230 套装 作者 宋心杰 尼康 COOLPIX S230 配备 2.3 英寸 有效 像素 CCD 影像 感应器 记录 像素 照...
590,0,科技 拍照 摄影 轻松 上传 JVC MS100AC 套装 促销 中关村 数码相机 行情 JVC GZ MS100 像素 配备 光学 变焦镜头 SDHC SD ...
591,4,游戏 绿色 健康 女儿国 OL VIP 掉落 绿色 健康 女儿国 游戏 体验 升级 革命性 变革 飓风 席卷 女儿国 大陆 火爆 三月 女儿国 开启 征程 天宫...
592,0,科技 MOS 感光 元件 DV 松下 HS200GK 促销 观点 松下 HS200 GB 容量 存储空间 满足 大部分 需求 MOS 感光 元件 设计 保证 色...
593,1,财经 ETF 信息 披露 出错 套利 资金 王艳伟 ETF 开盘 即跌 2.32 标的 指数 0.22 全天 成交额 不到 万元 状况 交易 指数 基金 修正 ...
594,0,科技 专业级 单反相机 佳能 D 套装 降至 北京 行情 mm 变焦 镜头 很多 单反相机 资深 玩家 出色 性价比 变焦 覆盖 能力 众多 初学 摄影 爱好者...
595,3,体育 热火 最帅 先生 牛皮 大圆 不了 连中 没中 三分 跳起 英俊 面庞 表情 无比 坚毅 唏嘘 胡渣 板寸 发型 更添 男人 风采 跳起 便是 坚定 无视...
596,4,游戏 网游 豪侠 宠物 技能 登场 Q 手机 网游 豪侠 精彩 登陆 游戏 价值 元宝 道具 奖励 豪侠 宠物 系统 开放 玩家 精心 培育 爱宠 级别 爱宠 ...
597,5,娱乐 奥斯卡 茱莉 VS 红毯 暗战 奥斯卡 颁奖典礼 瞩目 焦点 安吉丽娜 茱莉 红毯 暗战 美国 媒体报道 男友 梅尔 坦承 一起 出席 颁奖 布莱德 安吉...
598,5,娱乐 萨尔玛 海耶克 加盟 桑德勒 新片 娱乐 北京 媒体报道 萨尔玛 海耶克 Salma Hayek 玛雅 鲁道夫 Maya Rudolph 柯林 Colin...
599,1,财经 泰信 基金 万元 认购 旗下 新品 证券时报 本报讯 获悉 泰信 基金 公司 动用 万元 资金 认购 旗下 发行 产品 泰信 精选 股票 型基金 据悉 泰...
600,0,科技 更酷 iPod nano iPod 大名 时尚 代名词 设计 实在 时尚 诱人 苹果 隆重 发布 iPod nano4 纤薄 设计 乔布斯 提醒 大家 千...
601,5,娱乐 美人图 第二部 预告片 曝光 金敏善 娱乐 韩国 电影 美人图 第二部 预告片 影片 主演 金敏善 预告片 上阵 抓住 观众 目光 美人图 讲述 朝鲜 时...
602,4,游戏 手机游戏 剑侠 媚影 完美 测评 评测 游戏 剑侠 媚影 国产 游戏 格式 JAD JAR 游戏 类别 角色扮演 回合 游戏 K 游戏 语言 中文 提供商...
603,1,财经 股票 基金 全线 上扬 四成 基金 全景网 日讯 开放式 基金 多数 上涨 股票 型基金 全盘 四成 基金 债券 型基金 超过 八成 上扬 上证综指 累计...
604,0,科技 佳能 D 套机 摄影包 中关村 数码相机 行情 佳能 D 像素 成像 能力 数码 单反相机 较高 性价比 市场 明星 产品 D 大量 上市 老将 售价 降...
605,4,游戏 文明 II 新春 大礼包 获奖 名单 文明 II 新春 礼包 疯狂 活动 第二轮 幸运 玩家 新鲜出炉 截止 文明 II 新春 礼包 疯狂 活动 圆满结束...
606,1,财经 基金 狂飙 中邮 13.04 埋伏 地产 有色 理财 周报 代星 股票 基金 排名 愚人节 显得 富有 戏剧性 投资者 沮丧 基金 漂亮 反攻 业绩 垫底...
607,3,体育 雷霆 裁判 第二轮 15.4 生死 改判 or 掘金 手握 优势 雷霆 看上去 扳回 一场 雷霆 凯文 杜兰特 掘金 倒在 KD 掘金 理由 不服 裁判 ...
608,4,游戏 网游 武林 OL 轻松 打造 星级 极品 掌上明珠 经典 武侠 题材 手机 网游 武林 OL 世界 众多 武侠 世界 玩家 属性 超强 装备 武装 全身 ...
609,3,体育 绿军 将帅 直言 波什 未知 因素 KG 我会 重点 照顾 北京 美国 网站 WEEI 对手 詹姆斯 德维恩 韦德 熟悉 接受 采访 热火队 巨头 一位 ...
610,4,游戏 简乐 新作 启示录 制作 访谈 简乐 开篇 豪华 制作 欧风 巨作 启示录 接连 放出 截图 口水 三千尺 画面 场景 精致 细腻 富有 质感 颜色 搭配...
611,1,财经 基金业 亏损 1.5 万亿元 李良 上海 A股 市场 大跌 基金 亏损累累 相投 基金 年报 得出 统计数据 显示 基金业 亏损 1.5 万亿元 型基金 ...
612,3,体育 孩子 变得 成熟 德克 总冠军 戒指 北京 本赛季 季后赛 小牛队 老板 马克 沉寂 小牛 横扫 湖人 少见 没见 发表 高论 颇为 罕见 接受 采访 透...
613,5,娱乐 和西恩 有望 出演 附图 娱乐 北京 北美 媒体报道 和西恩 有望 出演 据说 法拉利 兄弟 Farrelly Brothers 一部 新片 物色 演员 ...
614,0,科技 全能 长焦机 三星 WB550 GB 中关村 数码相机 行情 三星 WB550 一枚 2.3 英寸 有效 像素 CCD 图像 传感器 拍摄 最大 分辨率 ...
615,5,娱乐 三个 家伙 观影 数破 投资 全数 收回 娱乐 金知云 导演 新片 家伙 家伙 上映 突破 观影 盈利 分界线 家伙 家伙 登陆 韩国 银幕 耗资 高达 ...
616,1,财经 基金 收益 首尾 相差 早报 肖莉 波动 A股 市场 基金 季度 收益 最好 基金 收益 最差 基金 差距 超过 有涨 有跌 投资 业绩 基金 经理 压力...
617,5,娱乐 盘点 好莱坞 明星 目标 迪亚兹 新年伊始 制定 一年 目标 关注 寻找 改掉 坏毛病 改变 生活习惯 美国 演艺 明星 目标 告别 烟圈 好莱坞 女星 ...
618,5,娱乐 宫廷 大戏 公爵夫人 上映 层层 发髻 英国 女星 化身 公爵夫人 描写 世纪 宫廷 贵族 古装片 公爵夫人 亮相 银幕 华丽 装扮 养眼 头疼 事情 特...
619,3,体育 直击 新秀 三分 还魂 英雄 康利险 历史 罪人 雷霆 依靠 找到 手感 核心 凯文 杜兰特 裁判 争议 出界 判罚 失误 拿球 发动 反击 康利 出手 ...
620,0,科技 三星 活动 第二期 中奖 确定 手持 电视 三星 活动 第一期 中奖 确定 幸运 三星 CMMB 移动 电视 YP CM3 一台 撰写 测评 机会 YP ...
621,4,游戏 手游 九州 OL 新区 天龙八部 九州 online 资料片 风云 再起 开启 服务器 天龙八部 充满 奇幻 世界 众多 英雄豪杰 开辟 逐鹿 舞台 征战...
622,4,游戏 九州 OL 重奖 犒赏 精益求精 魅力 国产 武侠 玄幻 巨作 九州 online 资料片 风云 再起 深受 玩家 喜爱 关注 百余 玩法 创新 特色 元...
623,0,科技 单反相机 尼康 D5000 套机 D60 升级版 D5000 延续 尼康 传统 机身 设计 包括 机身 按钮 设计 手柄 标志性 红色 机身 整体 外形尺...
624,5,娱乐 放弃 演戏 秘密 筹备 电影 娱乐 出演 角斗士 反角 杰昆 Joaquin Phoenix 外界 宣布 演戏 代表 放弃 电影 事业 可靠消息 拍摄 一...
625,5,娱乐 谎言 之躯 巴黎 首映 英俊 神情 严肃 娱乐 电影 谎言 之躯 Body of Lies 巴黎 首映 主演 迪卡 Leonardo DiCaprio 帅...
626,4,游戏 神戒 Online 内测 全国 首款 wap2 .0 网游 神戒 Online 内测 充满 无限 可能性 充满 惊奇 未知 充满 无数 挑战 机会 魔幻 ...
627,0,科技 有效 像素 DC FE3010 外观 FE3010 金属 质感 外壳 设计 极具 时尚 17.8 mm 超薄 机身 g 机身 重量 轻薄 三种 颜色 不同...
628,1,财经 经济 增长 结构性 特征 北京 银华 基金 投资 策略 中国 宏观经济 企稳 恢复 预期 银华 基金 全球 经济 经历 漫长 平衡 过程 应对 全球性 国...
629,0,科技 光学 变焦镜头 尼康 P90 作者 宋心杰 尼康 P90 配备 变焦 尼克尔 镜头 覆盖范围 mm 广角 延伸 mm 焦距 结合 有效 像素 2.33 英...
630,5,娱乐 全智贤 新片 海报 曝光 武士刀 眼神 凌厉 娱乐 北京 韩国 媒体报道 韩国 女演员 全智贤 主演 电影 吸血鬼 英国 宣传 海报 首次 曝光 影片 第...
631,0,科技 单反相机 佳能 D 带票 套装 作者 李金昊 佳能 EOS D 图像 感应器 有效 像素 照片 具有 像素 高分辨率 APS C 画幅 图像 感应器 高端...
632,5,娱乐 柏林 有点 梅兰芳 有点 德国 北京 柏林 电影节 拉开帷幕 欧洲 电影节 选择 季节 举办 柏林 电影节 占据 评选 获奖 影片 冷门 全球 金融危机 ...
633,1,财经 基金 被盗 第一案 原告 胜诉 获赔 黑龙江 哈工大 高科技 风险投资 有限公司 发起 设立 黑龙江省 创业 风险投资 协作 机构 经历 基金 被盗 第一...
634,1,财经 船舶 产业 投资 基金 顺势 抄底 于祥明 船舶 产业 投资 基金 逆市 基金 管理 合伙 企业 副总经理 王坤 船舶工业 应对 金融危机 高峰论坛 上向...
635,4,游戏 仙剑 奇侠传 忆仙 完美 图文 攻略 纪念 凄美 追忆 世人 忘却 传奇 重拾 回忆 角度 感受 不同 仙剑 世界 第二章 苏州城 来到 苏州城 李逍遥 ...
636,1,财经 泰信 基金 认购 泰信 精选 吴晓婧 了解 泰信 基金 动用 万元 资金 认购 旗下 发行 泰信 精选 泰信 基金 自购 基金 显示 公司 愿意 持有人 ...
637,1,财经 讲究 组合 搭配 货币 市场 基金 债券 型基金 配备 新快报 吴谭 炒股 中产者 心痛 国际 视野 QDII 基金 金融 海啸 亏损 惨重 股票 型基金...
638,0,科技 搭配 mm 镜头 佳能 D 套机 作者 李金昊 产品 EOS D 图像 感应器 有效 像素 照片 具有 像素 高分辨率 APS C 画幅 图像 感应器 高...
639,0,科技 百万 高清 火眼金睛 平安 HD720QP 监控器 云南 IT www ynit580 com 人民 安居乐业 社会 存在 一部分 原因 存在 程度 促进...
640,5,娱乐 尸检 脑出血 娱乐 北京 媒体报道 公布 尸检 结果表明 滑雪 事故 Natasha Richardson 脑部 出血 脑出血 导致 死亡 尸体 检验 医...
641,3,体育 阿巴斯 反击 仇恨 告诉 上海 优秀 北京 CBA 比赛 打响 回到 主场 北京 金隅 迎战 上海 主力 控卫 学林 开场 不久 受伤 下场 出色 北京队...
642,0,科技 画幅 单反相机 尼康 D300S 售价 D300S 尼康 DX 格式 CMOS 影像 感应器 有效 像素 ISO 感光度 范围 噪点 条件 影像 效果 选...
643,4,游戏 虎啸 迎新 辞旧岁 双城 OL 大礼 新春 即将来临 喜迎 时刻 双城 OL 推出 活动 活动 内容 丰富 趣味 横生 奖励 丰富 惊艳 实物 大礼 ps...
644,1,财经 首只 发行 证券日报 市场 上首 友邦 华泰 货币 市场 基金 中国证监会 批准 发行 市场 一只 货币 产品 基金 众多 银行 券商 银行 券商 全国 ...
645,3,体育 咬碎 钢牙 加索 超越 全明星 哥哥 NBA 西区 季后赛 第二轮 主场 力克 雷霆 系列赛 领先 对手 中锋 马克 加索尔 上场 篮板 封盖 加索尔 拼...
646,1,财经 撤离 散户 接盘 封基牛 涨起来 李娜 发自 上海 封基 封基 年度 分红 行情 A股 跌穿 向来 抗跌 集体 遭遇 重挫 封基 埋伏 申银万国 发布 统...
647,0,科技 大容量 DV 索尼 SR47E 单机 中关村 数码相机 行情 索尼 数码 摄像机 产品 SR47E 搭载 一枚 英寸 像素 CCD 传感器 配备 光学 变...
648,5,娱乐 布拉德 皮特 热心 慈善 赞为 模范 国民 娱乐 北京 香港媒体 布拉德 皮特 现身 华盛顿 美国众议院 议长 佩洛西 会面 讨论 慈善 组织 重建 工作...
649,5,娱乐 经典 Cult 电影 恐怖 继续 经典 Cult 恐怖 翻拍 MTV 电影 公司 宣布 恐怖 拍成 时长 小时 电视 电影 万圣节 播放 恐怖 原本 一台...
650,5,娱乐 公园 编剧 癌症 享年 娱乐 洛杉矶 好莱坞 著名 编剧 代表作 公园 续集 失落 世界 科幻 畅销书 作家 奇顿 John Michael Cricht...
651,1,财经 增强 分红 派现 0.48 全景网 日讯 基金 公告 旗下 增强 债券 型基金 成立 第十四次 收益分配 实现 分配 收益 基准 基金 份额 派发 红利 ...
652,0,科技 DC 尼康 D3000 套机 尼康 特地 D3000 搭配 VR 镜头 组合 成套 销售 防抖 镜头 加入 有效 提高 尼康 D3000 弱光 范围 D3...
653,3,体育 广东 半场 狂飙 狂胜 山东 江华 关键 闪光 稳住 全队 阵脚 面对 连胜 山东队 败退 乌鲁木齐 广东 东莞 银行 下半场 攻击 狂潮 赢得 一场 大...
654,3,体育 罗斯坦 冲冲 对手 投开 北京 罗斯 神灵 附体 芝加哥 公牛 客场 大胜 亚特兰大 老鹰 总比分 领先 一场 属于 新科 常规赛 MVP 比赛 罗斯 生...
655,4,游戏 武林 OL 浓情 巨献 极品 装备 武侠 题材 手机 网游 经典 巨作 武林 OL 演义 门派 恩怨 纠葛 展现 英雄本色 侠女 断骨 柔情 精彩 活动 ...
656,1,财经 基金 公司 首次 现身 纳税 百强 安仲文 黄金 一份 综合 纳税 百强 排行榜 基金 公司 危机 强势 增长 凸现 出来 广东省 相关 部门 发布 年度...
657,1,财经 呼唤 市场 基金 评论员 王雅玲 发行 跌破 发行价 利率 走高 辽宁 利率 高达 1.78 发行 中标 利率 新高 认购 倍数 1.5 三个 投标 两个...
658,1,财经 债券 市场 经济 存在 好转 机会 江沂 深圳 熊市 债券 避风港 投资者 收益 市场 形势 巨大变化 流动性 充足 连续 低利率 挑战 基金 经理 管理...
659,0,科技 专业级 单反相机 佳能 D 降至 佳能 EOS D 经典 黑色 机身 主色调 整体 大气 专业 D 机身 尺寸 D 机身 厚度 D 减少 3.1 左右 高...
660,0,科技 mm 超广角 理光 GX200 售价 作者 袁源 满足 摄影 爱好者 摄影 需求 GX200 提供 1.88 X 镜头 mm 广角 转换 镜头 DW 官方...
661,5,娱乐 娱乐 独家 奉献 纽曼 精彩 纽曼 荧幕 动人 角色 打动 妻子 生死 不离 实在 好莱坞 奇迹 商业 成就 证明 演员 具有 超人 商业 天赋 值得 回...
662,1,财经 基金 转口 青睐 地产 有色 江沂 很多 预计 投资 加大 年份 三个 基金 管理 很多 意外 基金 投研 团队 重要 控制 仓位 侧重于 准确 把握 轮...
663,3,体育 休城 专家 控卫 抽签 命运 难测 火箭 状元 概率 0.5 北京 火箭队 总经理 莫雷 打算 洛瑞 出席 抽签 决定 火箭队 透秀 顺位 记事 专栏 杰...
664,4,游戏 手机 网游 神契 OL 玩家 评测 神契 online 内测 备受 玩家 热爱 支持 段时间 探索 旅程 玩家 撰写 神契 online 玩家 评测 游戏...
665,3,体育 湖人 vs 黄蜂 前瞻 VI 是否 摆脱 伤病 尊严 北京 黄蜂队 卫冕冠军 洛杉矶 湖人队 制造 足够 回到 主场 面临 生死战 争取 继续 神勇 率队...
666,5,娱乐 暮光 男主角 拍戏 受伤 经纪人 否认 娱乐 北京 媒体报道 暮光 Twilight 男主角 罗伯特 帕丁森 Robert Pattinson 加拿大 拍...
667,1,财经 收评 指跌 0.92 八成 封基 下挫 财经 基指 低开 全天 地位 震荡 收盘 小幅 收跌 八成 封基 下挫 基指 开盘 报于 335.27 低开 33...
668,3,体育 球员 教练 沟通 原谅 处罚 本报讯 田欣欣 了解 球员 找到 利民 沟通 利民 年轻 队员 机会 个别 队员 处罚 小孩 想法 质问 标准 要求 优秀 ...
669,5,娱乐 韩碟 手册 悲梦 抽离感 境界 娱乐 金基德 照例 一部 片子 速度 一部 悲梦 金导 抽离 高级别 不顾 观众 观赏 水准 个人艺术 追求 道路 一路 ...
670,4,游戏 灵兽 世界 入门 攻略 灵兽 世界 游戏 跟着 任务 新手村 容易 了解 灵兽 灵兽 合成 技能 能够 选宠 基础 个人 总结 几点 内容 大家 一起 分...
671,0,科技 时尚 超薄 家用 卡片 DC 尼康 S630 套装 尼康 S630 机身 尺寸 96.5 57.5 25.5 mm 重量 g 颜色 多种多样 黑色 宝石 ...
672,1,财经 华夏 现金 增利 基金 上调 申购 业务 限额 全景网 日讯 华夏 基金 公告 旗下 华夏 现金 增利 基金 申购 业务 限额 万元 调整 万元 投资人 ...
673,2,体育 ESPN 老鱼 北京 季后赛 首轮 湖人 黄蜂 比赛 看出 卫冕冠军 有点 出来 舆论 球迷 信任 ESPN 专栏作家 戴夫 信任 撰稿 外界 要求 做到...
674,1,财经 指数 基金 结束 募集 本报讯 据悉 指数 基金 LOF 结束 募集 基金 优秀 投资 标的 独特 LOF 运作 模式 方便 投资者 认可 认购 投资者 ...
675,5,娱乐 阿汤哥 重回 一线 明星 新片 选择 多多 娱乐 北京 北美 美国 媒体 综艺 出演 二战 行动 目标 希特勒 Valkyrie 汤姆 克鲁斯 Tom C...
676,2,体育 个人 犯规 不会 失望 北京 季后赛 第二轮 第四场 湖人 客场 挑战 小牛 湖人 不敌 小牛 遭遇 横扫 糟糕 安德鲁 拉玛尔 双双 恶意 犯规 出场 ...
677,1,财经 基金 公司 力源 液压 定向 增发 证券时报 朱景锋 本报讯 市场 回暖 基金 投资 发行 热情 力源 液压 公布 发行 参与 增发 九家 机构 五家 基...
678,1,财经 基金 减仓 迹象 新快报 吴谭 研究 机构 监测 结果显示 开放式 基金 股票 仓位 结束 连续 上升 减仓 迹象 整体 仓位 变化 幅度 判断 基金 投...
679,4,游戏 魅力 无限 封神 ol 新服 活动 大家 停不住 一位 喜欢 无聊 勤快 玩游戏 手机 网游 封神 ol 忙碌 生活 选择 挂机 升级 玩游戏 上线 享受...
680,5,娱乐 希斯 奖金 问世 澳洲 娱乐 北京 美国 一项 澳洲 明星 希斯 Heath Ledger 命名 奖金 美国 洛杉矶 面世 用于 鼓励 有志 美国 发展 ...
681,3,体育 公牛 vs 老鹰 赛程 出炉 东区 黑马 继续 北京 老鹰 主场 险胜 魔术 总比分 晋级 半决赛 对阵 公牛 NBA 官方 公布 一组 比赛 赛程 安排...
682,4,游戏 世博 时装秀 眼球 一杯 咖啡 牵手 看着 落叶 飘落 静静 享受 花开 欣赏 灿烂 微笑 乐园 愿意 一生 快乐 见证 宛如 情人 世博 漫步 季节 旋...
683,0,科技 电视 M39 M39 数码 两个 颜色 形象 包装 多种 音频 视频 播放 格式 现价 朋友 关注 一下 性能 M39 支持 播放 RM RMVB DAT...
684,3,体育 体育 视频 直播 热火 vs IV 破咒 北京 体育 视频 直播 季后赛 主场 迎战 热火 比赛 双方 总比分 热火 领先 热火 四年 波士顿 过球 上赛...
685,0,科技 高性能 宾得 Kx 白色 限量版 热卖 宾得 K x 像素 成像 能力 自动 对焦 系统 一秒 4.7 张连 s 配备 p 高清 摄像 性能 经销商 搭配...
686,0,科技 mm 广角 防抖 镜头 D LUX4 售价 作者 陈亮 D LUX 松下 LX3 数码相机 接近 外观 上看 D LUX 相比 D LUX 改变 很大 尺...
687,5,娱乐 黑皮 过审 上映 本能 导演 力作 娱乐 中影集团 引进 发行 好莱坞 导演 范霍文 作品 黑皮 电影局 内容 审查 登陆 院线 强势 抢占 贺岁 观影 ...
688,5,娱乐 金荷娜 新片 造型 海报 抄袭 史密斯 夫妇 娱乐 北京 香港媒体 韩星 姜志焕 金荷娜 合作 新片 公务员 宣传 海报 造型 海报 抄袭 史密斯 夫妇 ...
689,1,财经 基金 享受 红色 平均 收益 23.46 证券时报 本报讯 业绩 已见分晓 型基金 一把 净值 市场 上扬 回升 银河 数据 统计 显示 纳入 统计 口径...
690,4,游戏 九州 online 惊爆 第一 诅咒 宝箱 九州 online 资料片 风云 再起 大家 强势 打造 大漠 飞鹰 超强 副本 副本 玩家 机会 赢取 BO...
691,2,体育 大胜 晋级 悲情 告别 北京 卫冕冠军 湖人 客场 击败 黄蜂 总比分 晋级 半决赛 对手 开拓者 小牛 胜者 评价 湖人 淘汰 黄蜂 晋级 第二轮 湖人...
692,5,娱乐 贫民 富翁 瓜分 金球 奥斯卡 斯莱特 好莱坞 外国 协会 金球奖 上温 斯莱特 意外 拿下 女主角 女配角 桂冠 金球奖 耀眼 明星 金球 全胜 举行 ...
693,3,体育 罗斯 客场 大胜 老鹰 公牛 晋级 热火 北京 公牛 客场 击败 老鹰 晋级 决赛 大战 巨头 领衔 热火 公牛 首度 决赛 飞人 乔丹 夺冠 罗斯 拿下...
694,4,游戏 神契 OL 公测 诸神 开启 北京 创娱 年度 倾情 巨献 首款 Q版 魔幻 史诗 巨作 手机 网游 神契 online 开启 公测 神契 大门 开启 充...
695,1,财经 成立 基金 合计 亿元 本报讯 多只 基金 结束 募集 基金 迎来 成立 高潮 天相 投资 统计 基金 结束 募集 宣告成立 合计 规模 亿元 平均 基金...
696,0,科技 光学 变焦镜头 三星 PL70 单机 降至 三星 PL70 外观 延续 简洁 干练 设计 风格 机身 圆润 小巧 起来 方便 三围 95.8 59.5 2...
697,3,体育 vs 雷霆 III 前瞻 兰胖 豪言 主场 生命线 雷霆 主场 战罢 双方 系列赛 打平 回到 主场 孟菲斯 力保 主场 相当于 胜利 一点 季后赛 首轮...
698,0,科技 中端 强机 尼康 D90 套机 促销 售价 尼康 D90 单方 市场 机型 尼康 便宜 具有 自动 马达 超旺 人气 尼康 D90 套机 VR 尼康 包加...
699,5,娱乐 量子 危机 上映 拳头 不秀 爱情 裴军 实习生 曾盼婧 架着 车门 最新款 阿斯顿 马丁 跑车 电影 量子 危机 零点 登陆 深圳 丹尼尔 饰演 子弹 ...
700,5,娱乐 周星驰 好莱坞 意见 评论 龙珠 新报 轶凡 周星驰 监制 周润发 主演 好莱坞 影片 龙珠 进化 亚洲 宣传 活动 影迷 期待 双周 实现 周星驰 缺席...
701,0,科技 光学 变焦镜头 尼康 S230 尼康 S230 轻薄 机身 设计 促销 产品 产品 机壳 配色 时尚 S230 取景 一块 3.0 英寸 像素 触控 显示...
702,0,科技 有效 像素 三星 ST10 套装 作者 李金昊 三星 ST10 一块 英寸 像素 液晶 显示屏 设计 镜头 光学 变焦 潜望 镜头 SD 存储卡 存储介质...
703,5,娱乐 金熊 拜倒 石榴裙 梅兰芳 完败 信息 时报讯 北京 柏林 电影节 落下 帷幕 秘鲁 西班牙 合拍 影片 伤心 奶水 击败 众多 大师 名导 勇夺 金熊奖...
704,1,财经 疲劳 基金 经理 孙延群 摩根 投资 总监 事件 摩根 基金 管理 有限公司 公告 投资 总监 孙延群 先生 健康 原因 治疗 休养 基金 经理 第一例 ...
705,1,财经 基金 第三方 支付 浮出 水面 汇付 静候 审批 见习 静默 基金 第三方 支付 有望 开闸 消息人士 透露 汇付 华夏 基金 民生银行 携手 试点 格局...
706,5,娱乐 林志玲 佛利 武士 好莱坞 男星 搭档 娱乐 电影 佛利 武士 开拍 续集 发行 新力 电影 公司 透露 林志玲 饰演 一角 影片 韩国 济州岛 取景 男...
707,3,体育 加索尔 霍华德 冠军 重新 正名 北京 季后赛 出局 几天 加索尔 接受 告别 采访 显得 沮丧 球队 出局 解脱 出来 季后赛 失利 加索尔 前进 动力...
708,3,体育 斯特恩 考虑 修改 NBA 干扰 规则 采纳 国际 篮联 建议 北京 美联社 NBA 总裁 大卫 斯特恩 接受 采访 考虑 修改 干扰 规则 国际 篮联 ...
709,4,游戏 明珠 幻想 免费 打造 史诗 装备 魔幻 旅程 战场 想要 胜利者 面对 敌怪 消灭 有利 手段 极品 装备 高品质 装备 大家 百战百胜 幻想 隆重推出...
710,5,娱乐 歌手 歌舞片 出演 妓女 娱乐 音乐 电影 Nine 饰演 一名 妓女 一部 芝加哥 导演 劳勃 马歇尔 Rob Marshall 执导 歌舞片 太棒了 ...
711,1,财经 业绩 相差 超过 基金 经理 业绩 分化 刘建强 一位 基金 经理 管理 不同 基金 业绩 相差 类型 基金 业绩 资料 基金 经理 管理 基金 业绩 分...
712,3,体育 Z 脚踝 扭伤 缺席 全队 对抗 训练 斯帅 无需 调整 北京 热火 全队 休整 一天 球馆 恢复 备战 训练 传出 伤病 主力 中锋 Z 一场 比赛 扭...
713,1,财经 基金 仓位 逼近 牛市 水平 长城 证券 阎红 宋邵峰 A股 市场 反弹 基金 整体 股票 仓位 上升 长城 证券 测算 型基金 剔除 基金 加权 平均 ...
714,0,科技 画幅 单反相机 尼康 D700 套机 售价 尼康 D700 机身 D300 蓝本 少许 改动 镁合金 材质 外壳 底盘 反光镜 降低 机身 重量 具有 优...
715,5,娱乐 奥斯卡 提名 刺激 票房 贫民 富翁 暴富 美国 一月 二十二日 第八 十一届 奥斯卡 电影 金像奖 提名 名单 贝弗利 公布 贫民 富翁 对话 尼克松 ...
716,4,游戏 乐园 韩风 春装 震撼 上市 向前走 换上 乐园 新装 挥洒 青春活力 一起 带上 手机 换上 衣裳 一起 寻觅 味道 灵气 乐园 时尚 风格 主题 个人...
717,4,游戏 手机 网游 神域 OL 神秘 洞穴 副本 解析 大家 全国 爱耳日 拿掉 耳朵 耳机 耳朵 放松 一下 健康 关注 无聊 打发 玩玩 神域 具有 浓厚 中...
718,0,科技 光学 变焦 镜头 卡西欧 Z2 卡西欧 Z2 2.3 英寸 CCD 感光 元件 光学 变焦 镜头 最大 F3 .1 5.6 等效 焦距 mm 卡西欧 Z2...
719,1,财经 融通 涉嫌 老鼠 散户 本报讯 赵侠 摩根 基金 经理 唐建 老鼠 处罚 一年 融通 基金 爆出 老鼠 嫌疑 来自 Wind 资讯 统计数据 显示 一位 ...
720,1,财经 银华 和谐 主题 基金 发行 本报讯 获悉 银华 基金 公司 旗下 基金 产品 银华 和谐 主题 灵活 配置 基金 发行 投资者 建行 交行 招行 银行 ...
721,0,科技 有效 像素 索尼 W290 作者 Cetan 索尼 W290 找到 3.0 英寸 像素 视角 液晶屏幕 LCD 增大 索尼 W290 取消 了前 W170...
722,0,科技 光学 变焦镜头 理光 R8 理光 R8 R 设计 复古 风格 机身 金属 面板 塑料 部分 磨砂 处理 三围 尺寸 102.2 26.1 58.3 mm ...
723,1,财经 申万 巴黎 竞争 优势 基金 首次 分红 本报讯 敖晓波 申万 巴黎 基金 宣布 公司 旗下 巴黎 竞争 优势 基金 实施 第一次 分红 基金 份额 金红...
724,5,娱乐 怪人 二十面 相传 金城武 日本 李丽 多年 浸淫 华语 市场 混血儿 金城武 重新 想起 日本 观众 拍摄 文艺片 死神 精确度 遭遇 票房 惨败 有幸...
725,1,财经 基金 普丰 年度 收益分配 份派 0.054 全景网 日讯 鹏华 基金 公告 旗下 基金 年度 收益分配 基金 份额 派现 0.054 共计 金红利 万元...
726,0,科技 支持 光学 变焦 富士 Z33WP 富士 Z33WP 2.3 英寸 有效 像素 CCD 一枚 光学 变焦镜头 等效 焦距 mm 最高 ISO 感光度 双重...
727,0,科技 光学 变焦镜头 富士 J26 富士 J26 外观设计 时尚 mm 超薄 机身 外壳 颜色 喜好 J26 机身 外壳 独特 双层 涂漆 工艺 漂亮 富有 光...
728,5,娱乐 后继有人 剽窃 宣判 华纳公司 娱乐 美国联邦 法院 宣判 华纳 兄弟 公司 影片 后继有人 We Are Marshall 剽窃 艾美奖 获奖 运动 纪...
729,2,体育 最悲 卫冕冠军 湖人 热火 敌后 乔丹 沦陷 北京 湖人 小牛 横扫 郁闷 事情 郁闷 篮圈 世界 看来 湖人 起码 入选 郁闷 卫冕冠军 只够 排上 湖...
730,3,体育 专家 德克 关键球 科蜜 几个 北京 第一场 绝杀 连续 第五次 季后赛 扳平 绝杀 对手 自嘲 关键 先生 ESPN 麦克马洪 火上浇油 撰文 指出 数...
731,1,财经 基金 建仓 首选 蓝筹股 万科 A 受宠 别冶 发自 北京 时钟 表针 艰难 降生 基金 有利 建仓 时机 重仓股 选择 基金 体现 市场 热点 行情 走...
732,1,财经 私募 高呼 投资 A股 超过 深圳 五洲 宾馆 参加 第三届 私募 基金 高峰论坛 五位 顶尖 阳光 私募 掌门人 亮相 私募 论坛 指点 投资 机会 掀...
733,4,游戏 d 赤壁 国战 装备 巡展 d 赤壁 OL 紧张 刺激 诸侯 攻城战 开启 小队 结义 军团 诸侯 激烈 战场 夺得 城市 美人归 雄心 不够 多一点点 ...
734,0,科技 P HDMI 输出 思歌 S40 作者 毛晓曼 思歌 旗下 首款 全高清 PMP 播放器 S40 曝光 产品 支持 P 全高清 解码 播放 支持 HDMI...
735,4,游戏 口袋 精灵 无数 朋友 关注 掌上 宠物 乐园 度过 一周岁 绚丽 口袋 精灵 口袋 精灵 玩家 热情 围绕 欢快 愉悦 宠物 乐园 世界 口袋 元宝 赠...
736,3,体育 热火 传奇 聚首 督战 训练 信心 北京 热火 球馆 训练场 备战 季后赛 第二轮 首次 训练 吸引 了近 百位 采访 希望 赢下 现场 热火 传奇 找到...
737,4,游戏 小奥 农场 第三产业 选择 西南地区 干旱 范围 不断扩大 云南 扩展 四川 贵州 广西 受灾 人数 超过 少见 世纪 大旱 农作物 万公顷 万公顷 良田...
738,5,娱乐 明星 确认 出席 金球奖 埃夫隆 海顿 年轻 娱乐 北京 来自 第六十六 金球奖 一批 明星 确认 出席 晚八点 直播 颁奖典礼 播美 英雄 Heroes...
739,4,游戏 开发者 AppStore 白痴 游戏 下架 Tommy Refenes 游戏 开发者 会议 苹果 App Store 比作 白痴 糟糕 老虎 掌机 惊讶 ...
740,4,游戏 赤壁 OL 结婚 怀孕 能生 宝宝 宝宝 手机 网游 怀疑 out d 赤壁 OL 实现 宝宝 功能 婚姻 恋爱 结婚 怀孕 宝宝 流程 不会 双胞胎 爸...
741,4,游戏 手机 网游 口袋 精灵 一大 回馈 金翎 手机 网络游戏 第一名 口袋 精灵 充值 金币 道具 免费 游戏 W 银币 奖励 浪漫 婚姻 系统 超强 宠物 ...
742,1,财经 基金 投资 总监 掌舵 品种 业绩 抢眼 安仲文 市场 回暖 行情 型基金 业绩 大多 反弹 不同 基金 分化 十分 明显 优秀 基金 反弹 幅度 超过 ...
743,4,游戏 女儿国 OL 现实 爱情 悲剧 女儿 国联 想到 西游记 想起 很多 杯具 看完 猪八戒 想起 开头 铁扇公主 牛魔王 现实 上演 出轨 铁扇公主 牛魔王...
744,2,体育 调查 湖人 王朝 是否 延续 交易 筹码 北京 湖人 小牛 三分 袭击 惨败 惨败 季后赛 第二轮 横扫 相关 调查 体育...
745,5,娱乐 Rain 好莱坞 电影 片酬 可怜 娱乐 媒体报道 韩国 Rain 一部 好莱坞 电影 异乡 吃苦 受罪 生病 片酬 区区 几万元 折合 人民币 成功 进...
746,0,科技 单反相机 佳能 D 套机 搭载 配件 中关村 数码影像 行情 佳能 EOS D 像素 成像 能力 张连 性能 具备 高清 摄像 功能 单反相机 登陆 市场...
747,0,科技 G B超 大容量 昂达 VX575HD 作者 曹锐 昂达 VX757HD 延续 一贯 神秘 黑色 外形 设计 四角 弧线 处理 视觉 更具 时尚 流行 M...
748,1,财经 基金 季报 增减 基金业 拉开 基金 季报 披露 大幕 基金 公司 旗下 基金 公布 报告 统计数据 显示 基金 大量 增持 周期性 行业 减持 非周期性...
749,1,财经 0.6 代销 费率 直逼 基金 直销 底线 理财 周报 实习 王韵亭 敬请 基金 投资人 阅读 销售 渠道 基金 申购 费率 亦可 可观 费用 市场 回暖...
750,0,科技 时尚 小巧 卡片 降至 收到 广州 太平洋 商家 u1070 促销 价格 下调 性价 提升 购买 时尚 卡片 朋友 值得 关注 点评 u1070 配置 滑...
751,1,财经 基金 期待 证券时报 余子君 本报讯 基金 公司 年报 全部 披露 完毕 业绩 投资者 带来 高回报 明星 基金 年报 备受 关注 年报 后市 看法 操作...
752,4,游戏 棒棒 棒女 露面 小棒 hi 大家 小棒 小棒 友友 大家 了解 一起 游戏 一起 社区 小棒 小棒 小棒 游戏 社区 大家 希望 带给 大家 快乐 最大...
753,1,财经 三只 基金 四月 集体 分红 证券时报 杜志鑫 本报讯 博时基金 管理 公司 发布公告 旗下 主题 行业 股票 LOF 精选 股票 基金 裕阳 三只 基金...
754,4,游戏 游记 网游 走出 传统 网游 桎梏 大多数 传统 游戏 玩家 现行 网络游戏 内容 包罗万象 开发 游戏 类型 挖掘 殆尽 游戏 发展 只能 比拼 精美 ...
755,4,游戏 灵兽 世界 恶魔 灵兽 狂欢节 活动 玩家 龙系 恶魔 灵兽 期盼 恶魔 灵兽 揭开 神秘 面纱 帅气 独特 属性 恶魔 灵兽 抓紧 参加 充值 恶魔 宠...
756,4,游戏 网游 明珠 三国 国家 押运 奖励 明珠 三国 手机 网游 巅峰 巨作 精美 游戏 画面 人性化 系统 设置 背景 故事 坐骑 婚姻 官衔 战场 交易 副...
757,4,游戏 手机 网游 天问 群雄 争霸 输赢 有奖 天问 OL 群雄 争霸赛 举行 聚集 众多 人气 争夺 比赛 帮派 最高 奖项 公会 派出 最强 阵容 尽显 公...
758,3,体育 霍林斯 直言 感谢上帝 抓到 胜机 两双 带领 填上 大坑 守住 主场 系列赛 领先 主场 看来 魔力 主场 战绩 公牛 主场 战绩 主帅 霍林斯 逆转 ...
759,0,科技 光学 变焦镜头 富士 Z33WP 防水 富士 Z33WP 外形 设计 时尚 外壳 磨砂 处理 边角 圆润 设计 造型 可爱 五款 靓丽 颜色 尺寸 59....
760,4,游戏 三国 印魂 帮派 系统 争霸 帮派 永恒不变 主题 游戏 帮派 存在 乱世 英雄 演义 乱世 争霸 三国 印魂 玩家 提供 争霸 机会 让玩家 实现 游戏...
761,0,科技 画幅 单反相机 佳能 DMarkII 带票 作者 芦晓峰 佳能 EOS D Mark II 外观设计 延续 佳能 特点 黑色 外观 尽显 专业 高强度 铝...
762,1,财经 国海 富兰克林 万元 自购 旗下 本报讯 国海 富兰克林 基金 管理 有限公司 公告 运用 公司 自有 资金 投资 旗下 富兰克林 国海 强化 收益 债券...
763,3,体育 菩萨低眉 石佛 单节 马刺 找回 NBA 季后赛 首轮 继续 西区 焦点 战役 圣安东尼奥 马刺 主场 加时赛 击败 孟菲斯 总比分 扳成 马刺 核心 邓...
764,0,科技 mm 超广角 变焦镜头 松下 LX3 作者 宋心杰 LX3GK 镜头 变焦 2.5 mm 广角镜头 LX 首次 比起 产品 镜头 广角端 开阔 3.0 英...
765,1,财经 封闭 基金 折扣率 部分 基金 年度 分红 刺激 封闭式 基金 板块 一个月 抢眼 整体 折价率 小幅 下降 统计数据 显示 截至 四只 封基 实施 公布...
766,4,游戏 天问 online 回忆 感动 闪过 树影 耳机 手机 熟悉 音乐 离开 家乡 去向 工作 城市 回想 春节假期 回忆 事情 工作 两年 回家 第一次 车...
767,0,科技 视频 直播 功能 iriverP7 作者 毛晓曼 iriver P7 延续 产品 简单 时尚 外形 设计 个性化 操作 UI 加入 RMVB 视频 直播 ...
768,5,娱乐 奥斯卡 主持人 首张 宣传照 发布 娱乐 北京 北美 两周 举行 奥斯卡 颁奖典礼 发布 主持人 Hugh Jackman 宣传照 参加 奥斯卡 颁奖 嘉...
769,1,财经 私募 基金 亏损 三成 财经网 深圳 专稿 符燕艳 私募 基金 整体 收益 为负 32.86 投资 企业 业绩 下滑 比例 六只 私募 基金 实现 收益 ...
770,4,游戏 手机 网游 时空 OL 双倍 经验 免费 洗点 时空 删档 内测 大量 钟情 爽快 PK 协同作战 玩家 过瘾 活动 开展 游戏 新手 冲级 最高 冲级 ...
771,1,财经 成立 三个 多月 金鹰 红利 分红 王慧娟 月份 成立 金鹰 红利 价值 基金 分出 成立 第一桶金 基金 截至 分配 收益 基准 基金 份额 派发 红利...
772,0,科技 打造 超薄 机身 纽曼 Super Card 作者 毛晓曼 升级版 纽曼 Super Card 增加 RMVB 视频 直播 功能 保持 6.5 mm 超薄...
773,1,财经 基金 通乾 分红 分红 封闭式 基金 陷入 困局 前提 融通 旗下 封闭式 基金 通乾 分红 分红 转变 显示 基金 公司 暧昧 分红 规则 混沌 冯庆汇...
774,4,游戏 d 网游 赤壁 新区 手机 mp4 充值卡 传统节日 愚人节 信息 d 赤壁 OL 大家 打来 惊喜 一点 不会 愚人节 愚人 带来 开心 d 赤壁 OL...
775,0,科技 高清 播放器 爱国者 MP5909HD 作者 毛晓曼 爱国者 MP5909HD 4.3 英寸 屏幕 支持 高清 播放 产品 售价 GB 容量 兴趣 朋友 ...
776,1,财经 基金 交易 佣金 基金 支付 券商 交易 佣金 格局 年度 很大 变化 挤入 中金公司 券商 佣金 分仓 第一名 多年 申银万国 证券 行业 翘楚 中信证...
777,1,财经 基金 公司 资产 质量 现形 规模 接近 管理费 一倍 巩万龙 发自 深圳 得益于 基金 发行 固定 收益 产品 基金 公司 熊市 管理费 实现 增长 有...
778,3,体育 大牌 自由 球星 姚明 减薪 北京 姚明 巴蒂尔 海耶斯 火箭队 火箭队 球员 共同点 今年夏天 自由 球员 篮圈 世界 专栏作家 汤姆 自由 球员 市场...
779,0,科技 锁住 爱情 爱国者 PM5927 作者 曹锐 爱国者 PM5927 四种 外观 颜色 机身 别致 月牙 镶嵌 设计 配备 独特 月牙 爱情 密钥 密钥 嵌...
780,5,娱乐 电影版 铁臂 阿童木 确定 北美 公映 附图 娱乐 备受 期待 CG 动画电影 铁臂 阿童木 Astro Boy 北美 公映 确定 美国 负责 发行 制作...
781,5,娱乐 广末凉子 加盟 悬疑 推理 新片 焦点 娱乐 北京 日本 媒体报道 离婚 广末凉子 事业 回到 高峰 受邀 主演 日本 知名 推理 小说家 松本 清张 代...
782,4,游戏 侠义 OL 新服 起航 是否 想要 疲倦 停靠 港湾 一群 来自 天南地北 朋友 扶持 共谋 生存 帮派 最好 选择 江湖 相交 厮杀 风云 笑傲江湖 惬...
783,3,体育 皇帝 领衔 入选 现役 纪录 北京 NBA 官方 公布 常规赛 三队 名单 詹姆斯 凯文 杜兰特 德怀特 霍华德 罗斯 领衔 一队 皇帝 第一 选票 成绩...
784,1,财经 基金 开户数 回落 四成 中登 公司 公布 数据 显示 基金 开户数 3.2432 万户 回落 超过 四成 基金 单周 开户数 最低 一周 市场 暖风 基...
785,5,娱乐 柏林 电影节 官网 电影节 开幕 华丽 娱乐 北京 柏林 电影节 官网 众星 云集 动作 跨国 银行 The International 全球 首映 宣告...
786,2,体育 首场 湖人 胜出 概率 四成 洛城 小牛 先机 小牛 客场 拿下 系列赛 第一场 胜利 系列赛 胜利 好头 七场 四胜 七番 大战 击败 湖人 击败 禅师...
787,1,财经 基金 产品 交易所 革命 方便 申购 降低 费率 套利 机会 袁京力 酝酿 交易 结算 体系 证券 交易所 基金 账户 基金 持有人 费用 效率 申购 赎...
788,0,科技 热门 专业级 小巧 DC 佳能 S90 套装 作者 张跃 佳能 PowerShot S90 具有 能够 放入 衬衫 口袋 小巧 机身 搭载 旗舰 机型 P...
789,3,体育 绿军 出局 久盼 喜讯 继续 绿军 一场 比赛 足够 改变 决定 激情 充溢 止不住 大幕 落下 投以 留恋 目光 波士顿 客场 负于 热火 总比分 淘汰...
790,0,科技 时尚 家用 卡片 DC 佳能 IXUS120 带票 作者 芦晓峰 IXUS IS 不锈钢 机身 设计 时尚 冷艳 深邃 宁静 华丽 四种 充满 都市 情绪...
791,0,科技 光学 变焦 潜望 镜头 尼康 S70 外观 上看 尼康 S70 三围 尺寸 96.5 60.5 mm 造型 纤薄 触摸 显示屏 寒冷 按键 操作 方便 画...
792,5,娱乐 印度 片片 发音 接近 哈利 波特 起诉 娱乐 制作 电影 片名 哈利 波特 同音 印度 电影 公司 华纳 兄弟 公司 起诉 事情 起因 印度 孟买 一家...
793,0,科技 高端 单反相机 佳能 D 带票 套机 售价 作者 陈亮 EOS D 实现 了在 有效 像素 高画质 高达 连拍 速度 搭载 智能 自动 对焦 系统 众多 ...
794,0,科技 光变 镜头 佳能 IXUS200IS 点评 卡片机 2.3 英寸 像素 CCD 支持 p FPS 高清 摄像 支持 IS 防抖 IXUS 搭载 mm 五倍...
795,4,游戏 诸神 新服 光石 开启 春回燕 诛神 online 受到 众多 玩家 喜爱 支持 火爆 手游 能够 玩家 加入 诛神 online 玄幻 世界 开启 服务...
796,5,娱乐 爱子 右翼 分子 恐吓 酒井法子 辞演 梦墙 连续 合拍 电影 梦墙 引起 很多 读者 关注 波折 全部 准备 工作 就绪 不料 遇到 难题 日本 右翼 ...
797,4,游戏 禁地 完整 评测 游戏 名称 禁地 游戏 语言 中文 游戏 提供商 上海 网络通讯 科技 有限公司 游戏 类型 角色扮演 游戏 KB 游戏 版本 1.0....
798,5,娱乐 外滩 画报 入殓 死亡 亲密 交流 木雅弘 红地毯 解释 飞机 晚点 希望 看上去 疲惫 职业 闪光灯 微笑 直觉 蛮好 专访 个人 两个 量级 不能 木...
799,4,游戏 手游 用户 付费 意愿 成受 关注 行业 G 移动 互联网 兴起 手机游戏 行业 风生水 易观 国际 发布 报告 显示 中国 移动 互联网 市场 规模 亿...
800,0,科技 像素 VGA 液晶屏 理光 GRDIII 作者 陈亮 镜头 下功夫 理光 GRDIII 传感器 前作 GRDII 类似 1.7 英寸 像素 级别 CCD ...
801,2,体育 湖人 传言 内线 妻子 恨卡戴 湖人 总比分 小牛 横扫 出局 湖人 传言 加索尔 不和 队友 缺乏 信任 不满 队友 状态 球队 面临 重建 湖人 负面...
802,1,财经 信达 澳银 稳定 价值 成立 11.4 全景网 日讯 信达 澳银 基金 公告 旗下 信达 澳银 稳定 价值 债券 型基金 成立 募集 总额 11.4 亿元...
803,1,财经 分析师 基金 股市 资金面 支持 有限 李娜 发自 上海 广大 基民 演绎 时代 市场 基金 流行 基金 规模 回暖 基金 股市 造血 功能 回归 市场 ...
804,0,科技 余音绕梁 天籁 纽曼 纯音乐 B30 热卖 音质 小屏 纯音乐 MP3 备受 追捧 纽曼 纯音乐 MP3 B30 上市 伊始 广受 好评 天籁 音质 余音...
805,3,体育 洛瑞休 闲不住 莫雷派 钢炮 出席 乐透 顺位 抽签 北京 NBA 选秀 乐透 顺位 抽签 NBA 季后赛 焦点 注定 选秀 状元 归属 不会 选秀 吸引...
806,0,科技 炫彩 时尚 纯音乐 MP3 昂达 VX333 VX515 VX313 VX323 型号 纯音乐 MP3 带来 纯音乐 机型 昂达 VX333 低调 风格 ...
807,5,娱乐 李安 新片 伍德斯 美媒体 看好 娱乐 北京 台湾 媒体报道 影展 大赢家 李安 影后 伊美妲 史坦顿 阔别 合作 制造 伍德斯 音乐节 Taking W...
808,0,科技 高清 摄像 光变 索尼 H20 搭配 中关村 数码相机 行情 索尼 H20 千万 像素 成像 能力 配备 一枚 十倍 光学 变焦镜头 具备 光学 防抖 功...
809,0,科技 光学 变焦镜头 佳能 IXUS120 佳能 IXUS IS 延续 了前 IXUS IS 时尚 超薄 外观设计 镜头 升级 机身 厚度 IXUS IS 1....
810,3,体育 控股 黄蜂 球市 季票 销量 北京 所有权 转让 球队 迁址 劳资 协议 不确定性 围绕 黄蜂队 抵挡 城市 球迷 球队 支持率 提高 美联社 黄蜂 统计...
811,5,娱乐 圣丹斯 渐入 高潮 明星 主演 电影 首映 娱乐 美国 圣丹斯 国际 电影节 第五天 开展 备受 关注 热门 电影 亮相 中国 导演 张元 blog 凯瑞...
812,0,科技 潮流 时尚 家用 DC 佳能 IXUS100IS 佳能 伊克 萨斯 性能 外观 并重 一点 佳能 IXUS IS 超薄 机身 厚度 18.4 mm 外形尺...
813,1,财经 基金 经理 叫板 经济学家 宏观 数据 换手率 成交额 重要 增长 指标 GDP 6.1 6.3 投资 28.8 26.5 消费 15.0 14.5 理财...
814,5,娱乐 专访 梦工厂 CEO 卡赞 伯格 中国 市场 娱乐 梦工厂 CEO 卡赞 伯格 怪兽 大战 外星人 配音演员 观众 熟识 小时 男主角 基弗 萨瑟兰 一起...
815,4,游戏 伏龙 奇侠传 传奇 特点 揭秘 伏龙 奇侠传 传奇 精品 动作 角色扮演 游戏 寻常 角色扮演 手游 不同 独特 游戏 风格 糅合 战斗 侦探 解谜 精彩...
816,5,娱乐 忍者神龟 真人 结合 电脑 动画 制作 娱乐 忍者神龟 Teenage Mutant Ninja Turtles 凯文 Kevin Eastman 和皮特...
817,0,科技 轻薄 入门 卡片 富士 J26 山东 IT 富士 J26 商家 济南 北星 数码 售价 G 存储卡 富士 J26 继承 富士 J 家用 低价 优势 千万 ...
818,3,体育 调查 公牛 淘汰 老鹰 决赛 热火 相遇 北京 公牛 客场 击败 老鹰 晋级 决赛 大战 巨头 领衔 热火 公牛 淘汰 老鹰 决赛 热火 相遇...
819,3,体育 雷霆 板凳 上藏 节拍器 控卫 效率 惊人 热火 詹姆斯 打败 激动 落泪 遥远 俄克拉荷马 詹姆斯 詹姆斯 雷霆 队里 重要 第六 大胡子 球员 看上去...
820,3,体育 皇帝 关键 疑似 走步 上篮 绝杀 一幕 重现 视频 北京 热火 客场 力克 系列赛 取得 领先 比赛 争议 最大 一幕 第四节 时刻 詹姆斯 疑似 走步...
821,4,游戏 明珠 幻想 世界大战 阵营 系统 上线 明珠 幻想 资料片 世界大战 全面 开启 玩家 展现 魔幻 手机 网游 独特 魅力 资料片 展现 庞大 阵营 系统...
822,5,娱乐 吕克 贝松 携手 韩方 投资 秦始皇 计划 娱乐 法国 导演 吕克 贝松 两家 法国 公司 一起 参与 秦始皇 计划 剧本 改编 工作 历史 悬疑 影片 ...
823,0,科技 闪存 DV 促销 佳能 FS200 带票 购买 佳能 FS200 数码 摄像机 参加 换购 活动 专业 镜头 佳能 原厂 锂电池 BP 品胜 充电 套装 ...
824,3,体育 老鹰 vs 公牛 两队 沿用 上场 阵容 关键 北京 公牛 主场 迎来 老鹰 半决赛 两队 比赛 战成 本场 不容 有失 好消息 两队 人员 齐整 老鹰 ...
825,4,游戏 女儿国 OL 攻略 帮派 系统 帮派 开启 帮派 提供 竞技 交流 平台 成立 强大 帮派 帮派 系统 有所 了解 帮派 分为 四级 玩家 帮派 建设 提...
826,1,财经 基金 专户 首次 现身 流通股 股东 名单 安仲文 联手 基金 公司 旗下 公募 基金 入驻 ST 神秘 基金 专户 理财 露出 基金 专户 理财 入市 ...
827,1,财经 五洲 交通 华夏 基金 买入 万股 宋元东 股东 名单 季报 披露 提前 曝光 经济 知名 华夏 基金 管理 公司 旗下 三只 基金 潜入 五洲 交通 买...
828,4,娱乐 艺术 指导 工会 奖提名 揭晓 朗读 革命 出局 新浪网 独家 稿件 转载 注明 出处...
829,4,游戏 手机 网游 豪侠 手机 网游 豪侠 精彩 登陆 游戏 价值 元宝 道具 奖励 中国 画面 精美 装备 外观 炫丽 技能 特效 高贵 坐骑 造型 丰富 帮派...
830,1,财经 布局 基金 沙场 大点 编者按 上证综指 上涨 成交量 超过 万亿 放大 A股 市场 迎来 梦幻 开局 部分 基金 享受 开局 最好 基金 收益率 超过 ...
831,5,娱乐 柏林 电影节 揭幕 金融危机 唱主角 揭幕 柏林 电影节 影片 发出 探讨 经济 前景 信号 翻看 一下 影片 演员 彰显 危机 本色 症状 世界 经济 ...
832,4,游戏 手机 网游 文明 职业 狙魔 猎手 养成 身轻如燕 沉稳 敏锐 义侠 娴熟 冷静 战斗 超高 致命 攻击 闪避 著称 团队 锋利 箭矢 伤害 输出 速度 ...
833,3,体育 绿军 人令 死忠 惊喜 KG 踩足 油门 狂奔 波士顿 战胜 热火 拉简 隆多 主角 扳回 众志成城 攻守 演出 排兵 布阵 变化 道克 浪费 两天 输球...
834,5,娱乐 布鲁斯 索赔 违约 转机 娱乐 北京 美国 媒体报道 好莱坞 老牌 动作 明星 布鲁斯 Bruce Willis 违约 新进展 布鲁斯 代理律师 媒体 三...
835,1,财经 股票 基金 财富 效应 再现 本报讯 敖晓波 市场 回暖 抄底 成功 基金 赚钱 效应 显现 最好 股票 基金 成立 收益 全景网 一项 调查 显示 参与...
836,1,财经 摩根 免去 蔡奋威 董事 职务 章硕麟 履新 全景网 日讯 摩根 基金 公告 公司 董事会 审议 免去 蔡奋威 董事 职务 任命 章硕麟 董事 公告 显示...
837,5,娱乐 量子 危机 票房 上映 两周 吸金 步伐 不减 娱乐 贺岁 大幕 拉开 两周 詹姆斯 加快 吸金 步伐 来自 出品 索尼 哥伦比亚 票房 数据 显示 量子...
838,4,游戏 宝贝 国度 新衣 寒假 来临 噪杂 城市 奔走 朋友 停下 忙碌 脚步 放松 心情 回忆 回到 脑海 记得 衣服 兴奋 心情 衣服 兴奋 好几个 穿出去 ...
839,1,财经 两类 基金 牛据 上海 文汇报 投资者 信心 恢复 基金 发行 回归 火热 状态 基金 面世 仓位 基金 被动 跟踪 大盘 指数 型基金 天相 数据 显示...
840,5,娱乐 朱莉 照片 古人 高跟鞋 旱冰鞋 走路 中新网 台湾 联合报 金奖 名导 克林特 伊斯 特伍德 电影 调包 婴儿 女星 安吉丽娜 朱莉 打造 坚毅 母亲 ...
841,4,游戏 神契 online 职业技能 深度 解析 本年度 首款 魔幻 手机 网游 神契 online 推出 公测 世界 职业 技能 副本 征程 大家 揭开 神秘 ...
842,3,体育 郭士强 解读 打铁 现象 培养 自信 北京 CBA 常规赛 第二十六 继续 辽宁队 主场 击败 佛山 取得 两连胜 辽宁队 优势 赢得 比赛 比赛 过程 ...
843,3,体育 小牛 vs 湖人 前瞻 带伤 先锋 对抗 北京 洛杉矶 湖人队 利用 身高 优势 争取 跻身 决赛 湖人队 迎来 达拉斯小牛队 半决赛 第一场 脚踝 有伤...
844,1,财经 现金 增利 收益 支付 结转 基金 份额 全景网 日讯 基金 公告 公司 旗下 现金 增利 基金 基金 收益 集中 支付 结转 基金 份额 现金 增利 基...
845,4,游戏 手机 网游 文明 职业 血魂 骑士 养成 身背 时髦 外表 身披 铠甲 坦克 不惜 生命 换取 战斗 胜利 血魂 骑士 最好 诠释 鲜血 烈风 激舞 英雄...
846,2,体育 湖人 出局 激活 交易 按钮 霍华德 洛城 北京 比赛 结束 笛声 响起 湖人 几名 球员 一起 拥抱 惨遭 横扫 阴霾 清楚 一刻 拥抱 显得 沉重 身...
847,3,娱乐 百万 金枪 离奇 失窃 经典 道具 垂涎 娱乐 詹姆斯 道具 武器 花样 多多 外形 向来 焦点 影迷 宝物 经典 反派 金枪人 金枪 道具 片场 被盗 ...
848,5,娱乐 福尔摩斯 主角 敲定 罗伯特 唐尼 出演 角斗士 获颁 奥斯卡 主角奖 拉塞尔 接下 了盖 新片 福尔摩斯 暂定名 中将 扮演 神探 夏洛克 福尔摩斯 一...
849,0,科技 具备 光学 变焦 索尼 XR500E 售价 作者 李金昊 北京 行情 索尼 旗舰级 民用 摄像机 XR500E 像素 Exmor R CMOS 影像 传感...
850,0,科技 搭配 镜头 尼康 D5000 套机 带票 不足 六千 中关村 数码相机 行情 尼康 DX 格式 新款 单反相机 D5000 具备 像素 成像 能力 配备 ...
851,5,娱乐 金雅 美女 烦恼 复出 新片 携手 娱乐 韩国 女星 金雅 中将 不久 重返 电影 银幕 携手 出演 金知云 导演 短片 电影 礼物 金雅 美女 烦恼 首...
852,3,体育 勇士 弃帅 甘心 却说 软话 新帅 候选 阿联 恩师 北京 勇士 官网 勇士 火速 宣布 放弃 现任 主帅 基斯 斯马特 服务 金州 斯马特 下课 主帅 ...
853,5,娱乐 梦工厂 转投 印度 宝莱坞 好莱坞 电影 巨头 分手 洛杉矶 美国 影业 梦工厂 发表 宣布 结束 合作 关系 据悉 恢复 自由 梦工厂 印度 一家 娱乐...
854,5,娱乐 音效 剪辑 工会 奖提名 领跑 娱乐 北京 音效 剪辑 工会 The Motion Picture Sound Effects Editors Guild...
855,4,游戏 d 赤壁 OL 十五项 重大 情系 玉树 爱满 人间 d 赤壁 OL 停服 一天 遇难 同胞 默哀 受难 同胞 祈福 例行 推迟 服务器 零点 开启 0....
856,3,体育 罗斯 失准 老鹰 半决赛 首战 爆冷 北京 公牛 主场 不敌 老鹰 季后赛 次轮 落后 失去 主场优势 老鹰 后卫 辛里奇 缺阵 拿下 生涯 季后赛 最高...
857,0,科技 mm 镜头 E520 套机 点评 E 定位 入门 家用 单反相机 具备 Live MOS 影像 传感器 TruePic III 图像处理 引擎 强大 实用...
858,3,体育 战绿军 韦德 制胜因素 闪电侠 角色 改变 北京 主帅 热火 系列赛 对手 X 因素 波什 理由 詹姆斯 德维恩 韦德 基本 预计 无法 预计 龙王 波什...
859,1,财经 长江 超越 理财 灵活 切换 资产 证券时报 朱景锋 长江 超越 理财 长江 证券 发起 设立 管理 FOF 产品 投资 比例 超过 净值 投资 一级 市...
860,2,体育 禅师 呼吁 良性 竞争 仇恨 硝烟 暴力 T恤 北京 提起 第二轮 湖人 对阵 小牛 系列赛 那可真 看点 多多 球场上 两队 缺少 洛杉矶 时报 湖人 ...
861,1,财经 国海 富兰克林 张惟闵 追求 致胜 美国 著名 财经 周刊 巴伦 周刊 公布 全美 基金 家族 排行榜 国海 富兰克林 基金 公司 股东 富兰克林 邓普顿...
862,3,体育 热火 季后赛 净输 对手 斯帅 坚持 不会 调整 北京 季后赛 热火 战绩 成绩 喜人 掩盖 不了 事实 不够 据统计 比赛 热火 输给 对手 五虎 不够...
863,5,娱乐 法国 女主播 电影 大胆 裸露 性感 女神 中新网 台湾 法国电视台 气象 女主播 布尔 跃上 银幕 主演 电影 摩纳哥 女孩 布尔 大胆 裸露 演出 影...
864,1,财经 基金 行业 ETF 重出江湖 证券时报 金融危机 行业 ETF 受欢迎 机构 投资者 希望 透过 行业 ETF 分散 风险 市场 波动 捕捉 时机 大部分...
865,3,体育 湖人 领衔 魔兽 五下家 火箭 大牌 莫雷肯 花钱 北京 首轮 出局 球队 马刺 伤病 老化 理由 魔术 理由 德怀特 霍华德 健康 状态 处于 巅峰 只...
866,3,体育 一场 失利 热火 敲响警钟 季后赛 热火队 季后赛 遇到 艰难 一场 比赛 首轮 输给 人队 比赛 艰难 巨头 进攻 系统 合计 受伤 轮休 比赛 便是 ...
867,3,体育 历史 昭示 热火 晋级 三项 绝路 北京 热火 主场 击败 半决赛 领先 三项 纪录 昭示 热火 利好 德维恩 韦德 詹姆斯 热火 队史 季后赛 领先 全...
868,1,财经 基金 资金 流入 明显 市场 回暖 抄底 成功 基金 赚钱 效应 显现 股票 基金 成立 收益 投资者 关注 重点 全景网 一项 调查 显示 参与 调查 ...
869,1,财经 股票 基金 集体 陷落 永明 投资者 实习 永明 基金 公司 旗下 股票 型基金 业绩 集体 遭遇 滑铁卢 成长 滑落 银河证券 统计 排名 显示 截至 ...
870,4,游戏 女儿国 OL 精英 王者 访谈 访谈 主题 很多 徒弟 幸福 家庭 一群 兄弟 生活 味味 俱全 玩家 介绍 王者 游戏 排名 十分 出色 全部 女儿国 ...
871,0,科技 支持 光学 变焦 索尼 G3 索尼 DSC G3 整体 设计 风格 T 相仿 前面板 金属 面板 3.5 触摸屏 占据 闭合 状态 机身 犹如 尺寸 T ...
872,3,体育 邓肯 封神 实在 霸气 更衣室 毒瘤 波特兰 监狱 开拓者 代表 人物 封神 堪比 横练 霸道 强攻 打爆 马刺 内线 送给 邓肯 个人 职业生涯 西区 ...
873,5,娱乐 末路 雷霆 上映 打造 亚洲 功夫 电影 娱乐 动作片 末路 雷霆 原名 拳戒 全国 上映 担任 蜘蛛侠 替身 明智 越南 章子怡 亚洲 红星 吴青芸 担...
874,0,科技 有效 像素 尼康 D90 套机 外观 尼康 D90 D80 相差 成熟 黑色 机身 大气 专业 覆盖 橡胶 蒙皮 宽大 厚实 手柄 把持 不错 D80 不...
875,1,财经 同门 兄弟 基金 业绩 分化 基金 研究 中心 曾令华 基金 名声 媒体 基民 基金 正名 基金 平均 回报率 23.56 基金 回报率 差异 很大 排名...
876,4,游戏 九州 壮志凌云 九州 online 资料片 风云 再起 开启 服务器 壮志凌云 众多 玩家 不到 小时 新区 呈现 爆满 状态 壮志凌云 开启 受到 玩家...
877,4,游戏 时空 OL 下载 全天 双倍 经验 时空 开放式 注册 终极 压测 开启 客户端 差错 造成 部分 机型 不能 下载 修复 顺畅 游戏 不卡 怪现象 一部...
878,3,体育 调查 评价 热火 客场 胜绿军 总分 赛点 四年 赢球 热火 主场 艰难 战胜 对手 总比分 领先 詹姆斯 拿下 篮板 韦德 篮板 波什 篮板 评价 比赛...
879,3,体育 湖人 揪出 最差 先生 不行 不行 湖人队 季后赛 面对 小牛队 挑战 惜败 球队 本赛季 重金 签下 史蒂夫 布雷克 出战 出手 篮板 抢断 助攻 双方...
880,4,游戏 武林 OL 领略 中华 武侠 真谛 掌上明珠 经典 武侠 题材 手机 网游 武林 OL 火爆 开启 玩家 冲级 热情 高昂 众多 玩家 脱离 新手 阶段 ...
881,0,科技 支持 光学 防抖 功能 尼康 S640 尼康 S640 香槟 宁静 珍珠白 法兰 种颜色 机身 轻薄 时尚 具有 一块 2.7 英寸 像素 TFT LCD...
882,0,科技 无线 MP3 韩国 digifiOpera M7 新品 上市 作者 曹锐 韩国 digifi 推出 无线 MP3 播放器 Opera M7 韩国 上市 无...
883,5,娱乐 好莱坞 一周 综述 影后 战线 成功 综述 国家 评论 协会 揭晓 洛杉矶 纽约 影评人 协会 公布 广播 影评人 协会 金球奖 提名 风向标 次第 行动...
884,0,科技 性价比 G 酷比 魔方 B5 普及版 英寸 酷比 B5 设计 时尚 外观 酷比 B5 做工 手感 尽显 精品 本色 先进 万色 3.0 英寸 分辨率 加入...
885,4,游戏 诸神 副本 BOSS 掉落 详解 国家 玩家 城市 地图 家祠 南蛮 宗祠 副本 提醒 大家 副本 较大 大家 具备 较强 实力 配合 良好 队伍 成功 ...
886,3,体育 倔强 KG 暴扣 翻波 龙王 空位 NBA 季后赛 东区 第二轮 热火 主场 击败 强敌 波士顿 前锋 凯文 加内特 上场 篮板 助攻 抢断 盖帽 进攻 ...
887,1,财经 基金 大象 起舞 坚守 金融 地产 世纪 经济 曹元 操作 一只 基金 操作 一只 基金 基金 操作 深圳 现任 基金 公司 基金 经理 人士 一家 较小...
888,3,体育 公牛 显露 范氏 火箭 错误 罗斯 数据 暴跌 身体 告急 公牛 主场 获胜 老鹰 战成 公牛 赢得 轻松 老鹰 缠斗 公牛 投篮 命中率 不到 四成 3...
889,0,科技 3.3 光学 变焦镜头 佳能 A480 佳能 博秀 A480 外观 书本 形象 设计 机身 书脊 书脊 造型 不乏 可爱 小巧 手部 完美 贴合 有利于 ...
890,0,科技 X光 高清 松下 FZ28 相比 FZ18 松下 FZ28 取景 屏幕 尺寸 扩到 2.7 英寸 像素 视野 率为 百分之百 FZ28 搭载 一枚 2.3...
891,1,财经 股指 强势 基金 称像 吹泡泡 上周末 公布 月份 新增 贷款 数量 1.89 万亿元 市场 解读 经济 转暖 强有力 证据 上证指数 跳高 开盘 一路 ...
892,4,游戏 Novell 展示 iPhone 移植 Xb360 游戏 微软 Windows Phone 一大 卖点 Xbox Live 平台 整合 手机 运行 Xbo...
893,5,娱乐 奥斯卡 两年 收视 最高 ABC 满意 娱乐 北京 尼尔森 公布 电视 数据 统计 显示 观众 收看 奥斯卡 颁奖典礼 奥斯卡 颁奖典礼 上涨 收视率 最...
894,1,财经 基金 钟情 另类 投资 S ST 新能源 周期性 反转 .....2009 伴随 A股 市场 强劲 反弹 概念性 炒作 低价股 题材 概念股 带领 股指 ...
895,5,娱乐 本能 导演 重拾 情色 执导 本能 荷兰 导演 费尔 霍芬 黑皮 未有 新作 问世 传出 费尔 霍芬 洽谈 一部 新作 本能 作品 擅长 情色 费尔 霍芬...
896,4,游戏 准备 封神 ol 礼盒 兑换 超值 豪礼 是否 查阅 背包 截止 封神 ol 上线 免费 礼盒 礼盒 同学 注意 兑换 礼物 饺子 炮竹 情人节 不可 玫...
897,1,财经 景顺 长城 业绩 罪状 遭受 炮轰 全景网 日讯 景顺 长城 基金 颜面扫地 公司 股市 跳水 态度 资本 盛宴 度日 艰难 遭受 投资者 范围 赎回 景...
898,5,娱乐 电影节 主席 宁浩 中国 最好 喜剧 导演 内地 导演 崔健 香港 导演 陈果 韩国 导演 许秦豪 执导 电影 成都 开拍 电影节 主席 马克 穆勒 专程...
899,3,体育 掘金 争议 雷霆 齐赞 杜兰特 KD 第一站 凯文 杜兰特 雷霆 打败 掘金 昂首 晋级 第二轮 霍林格 杜兰特 无解 心脏 投篮 雷霆 逆转 掘金 取得...
900,5,娱乐 歌舞 青春 开拍 主演 狮子 开口 娱乐 迪斯尼 电视 电影 歌舞 青春 二集 转战 银幕 电影 歌舞 青春 毕业 嘉年华 公映 原班人马 埃夫隆 哈金斯...
901,5,娱乐 组图 哈德森 走出 阴影 激情 献唱 娱乐 北京 北美 家人 枪杀 惨剧 消沉 美国 偶像 哈德森 Jennifer Hudson 走出 阴影 献唱 回归...
902,0,科技 X光 高清 摄像 富士 S2000 CCD 位移 光学 防抖 高感光度 结合 带来 多重 防抖 功能 S2000HD 高效 防止 手抖 拍摄 物体 运动 ...
903,5,娱乐 奥斯卡 提振 收视率 颁奖典礼 大胆 冒险 奥斯卡 组织 贝弗利 希尔顿酒店 举行 一场 午宴 本年度 奥斯卡 提名 电影 致意 午宴 承诺 全球 亿万 ...
904,3,体育 隆多 带伤 只能 休息 铁血 精神 注定 载入史册 绿军 没能 阻击 热火 总比分 告别 季后赛 带上 作战 隆多先 发出 助攻 左臂 伤势 影响 发挥 ...
905,1,财经 融通 旗下 基金 通乾 分红 摆乌龙 封闭式 基金 板块 年度 大戏 分红 行情 摆乌龙 波折 融通 旗下 基金 通乾 公布 年度报告 基金 报告期 投资...
906,5,娱乐 朱莉 产后 忧郁 通缉犯 海报 英国 遭禁 好莱坞 安吉丽娜 朱莉 光彩照人 全副武装 英国人 外电报道 抗议 朱莉 新片 通缉犯 海报 取缔 出生 双胞...
907,4,游戏 手机 网游 神域 OL 内测 延期 公告 亲爱 神域 OL 玩家 开启 神域 OL 内测 游戏 BUG 修正 工作 广大 玩家 游戏 内容 建议 增加 加...
908,1,财经 基金 赎回 显露 端倪 仓位 净流入 巩万龙 发自 深圳 基金 季报 披露 基金 遭遇 赎回 侵袭 固定 收益 品种 受伤 最重 估计 整体 规模 缩水 ...
909,5,娱乐 守望者 发布 海报 怪异 风格 行头 吸引 眼球 娱乐 电影 守望者 Watchmen 上映 美国 掀起 一股 追捧 风潮 华纳 兄弟 公司 推出 宣传 ...
910,3,体育 雷霆 vs 双方 不变 对决 北京 俄克拉荷马 雷霆 对阵 孟菲斯 第五 移师 俄克拉荷马 取胜 机会 淘汰 对手 双方 公布 大战 康利 阿伦 加索尔 ...
911,4,游戏 神域 OL 独有 系统 打造 犀利 装备 大家 介绍 乐趣 制造 系统 制造 系统 神域 OL 一大 特色 系统 游戏 重要 辅助 系统 增加 选择 大家...
912,3,体育 韦德 挡箭牌 热火 皇帝 北京 ESPN 体育 热火 首轮 詹姆斯 韦德 媒体 议论 焦点 ESPN 专家 撰文 指出 詹姆斯 韦德 球队 巨星 面对 外...
913,5,娱乐 权相宇 复出 新郎 礼服 拍婚 附图 娱乐 韩星 权相宇 首次 复出 参加 新片 悲伤 悲伤 故事 宣传 MV 拍摄 悲伤 悲伤 故事 宣传 MV 影片 ...
914,4,游戏 宝贝 国度 五一 活动 起航 人人 期盼 五一 三天 注定 不能 远足 好觉 朋友 一起 游戏 众多 休闲 放松 方式 宝贝 英雄 等待 五一 休假 一起...
915,3,体育 詹韦合 火爆 战出 T 皮尔斯 遭逐 绿军 首战 失利 北京 季后赛 第二轮 开打 热火 先声夺人 主场 击败 评价 热火 首战 击败 德维恩 韦德 拿下...
916,3,体育 公牛 vs 老鹰 III 原班 阵容 激斗 玫瑰 挑战 鹰王 北京 半决赛 芝加哥 公牛 亚特兰大 老鹰 第三场 对决 打响 主场 战绩 公牛 来到 老鹰...
917,0,科技 有效 像素 佳能 D 机降 外观 佳能 D 独具 专业 气质 黑色 材料 打造 风格 彰显 EOS 稳重 性格 关键部位 手柄 大面积 皮革 材料 覆盖 ...
918,5,娱乐 梅兰芳 柏林 陈凯歌 拿奖 目的 本报讯 翟晓林 柏林 梅兰芳 柏林 举行 发布会 导演 陈凯歌 演员 黎明 章子怡 陈红 安藤政信 来到 发布会 现场 ...
919,4,游戏 清明 充值 大礼 免费 清明 长假 肯定 很多 事情 惦记着 惦记着 千万 登陆 长假 惦记着 准备 很多 好玩 活动 很多 奖品 送给 广大 玩家 希望...
920,3,体育 热火 大佬 否认 挑衅 绿军 皇帝 没先 动手 北京 球馆 模样 热火 季后赛 首场 交锋 一层 座位 球场 变成 世界 摔跤 WWE 舞台 绿军 系列赛...
921,5,娱乐 电影节 确定 竞赛 单元 评审 主席 娱乐 北京 媒体报道 举行 电影节 确定 两个 单元 评审 主席 单元 Lion of the Future 埃塞俄...
922,0,科技 高清 触摸 屏幕 ICOO M80HD 作者 潘昊 M80HD ICOO 推出 高清 MP4 产品 全屏 触摸 操作 4.3 英寸 三星 原装 万色 液晶...
923,0,科技 7.1 光学 变焦镜头 理光 R10 理光 R10 全金属 工艺 设计 黑色金属 材质 外观 理光 R10 表露 冷艳 高雅 气质 拍摄 手感 优越 按键...
924,1,财经 公募 基金 1.5 万亿元 管理费 相投 数据 显示 基金 公司 亏损 1.5 万亿元 型基金 封闭式 基金 亏损额 1.46 万亿元 基金 公司 管理费...
925,1,财经 基金 单季 加仓 百分点 整体 股票 仓位 回升 熊市 水平 领先 一千点 弘文 A股 市场 反弹 造就 基金 历史 罕见 仓位 飙升 基金 季报 公布 ...
926,5,娱乐 希斯 女儿 千万美元 保险金 娱乐 男星 希斯 买下 保险 保险公司 怀疑 希斯 死因 自杀 赔偿 保险金 保险公司 希斯 女儿 Matilda 代表 律...
927,3,体育 小范 拒绝 邀约 复出 故人 揭秘 休城 功臣 北京 火箭队 前任 主帅 范甘迪 ABC 担任 工作 重新 出山 带队 传闻 传出 德州 农工 大学 礼聘...
928,4,游戏 Android 系统 手机游戏 视频 展示 Google 推出 Android 系统 引起 智能手机 行业 新一轮 发展 众多 厂商 推出 系统 新机 开...
929,0,科技 光变 mm 佳能 SX200 单机 山东 IT 佳能 SX200IS 商家 济南 巅峰 数码 单机 价格 降到 佳能 SX200IS 光学 变焦 防抖 镜...
930,3,体育 扣篮王 投令 主帅 老鹰 控卫 爆料 罗斯 辉煌 北京 亚特兰大 宪章 东区 季后赛 第二轮 对决 芝加哥 公牛 亚特兰大 老鹰 战成 老鹰 一阵 对手 ...
931,5,娱乐 票房 综述 车太贤 新片 蝉联冠军 韩片 升温 多部 美国 热门 上映 如林 车太贤 绯闻 观影 人数 蝉联 第二周 票房 冠军 榜单 三名 美国 吸血鬼...
932,0,科技 入门 强势 展现 索尼 a550 云南 IT www ynit580 com Exmor CMOS 影像 传感器 BIONZ 影像 处理器 搭配 mm 镜...
933,3,体育 打击 马刺 灵魂 邓肯 不会 退役 北京 马刺 国度 距离 马刺 黑八 奇迹 淘汰 两周 马刺 状况 球迷 关心 马刺 灵魂 邓肯 很多 担心 邓肯 淘汰...
934,3,体育 中国篮协 组建 国奥队 闭门 姚明 可行 可行 姚明 远离 国家队 中国篮球 死守 易建联 NBA 上球 球员 姚明 伤停 继续 寻找 姚明 中国篮协 使...
935,0,科技 高画质 光圈 佳能 消费 旗舰 S90 降价 中关村 数码影像 行情 佳能 S 广角 沉寂 四年 重出江湖 S90 发布 强悍 性能 配置 笔者 市场 了...
936,5,娱乐 酸梅 奖提名 公布 乌维 鲍尔 横扫 娱乐 北京 酸梅 th Annual RAZZIE Awards 提名 公布 专和 奥斯卡 奖项 评选 最差 电影 ...
937,5,娱乐 怪兽 电力公司 筹备 有望 上映 娱乐 北京 北美 外媒 皮克斯 公司 Pixar 动画 作品 怪兽 电力公司 Monsters Inc .2 筹备 导演...
938,0,科技 光学 变焦镜头 索尼 S930 相比 索尼 T 时尚 外观 索尼 S930 外观 突出 89.5 61.0 26.1 mm 机身 尺寸 显得 厚重 机身 ...
939,1,财经 基金 经理 减仓 计划 基金 仓位 新高 证券时报 本报讯 上证指数 曲折 强势 攻上 基金 收益 不菲 公布 基金 数据 表明 基金 保持 了高 仓位 ...
940,4,游戏 Gameloft 狂野 飙车 上线 让玩家 期待 顶级 赛车 游戏 狂野 飙车 北京 掌中 飞天 独家 发行 全面 火爆 上线 世界 著名 游戏 开发商 ...
941,2,体育 6.3 争议 基德 犯规 视频 北京 洛杉矶 湖人 主场 惜败 小牛 半决赛 首战 折戟 全场 拿下 时刻 没能 延续 高效率 两次 失误 绝杀 饮恨 两...
942,0,科技 家用 千万 像素 DC D LUX 套装 外观设计 上徕 个性 独特 D LUX4 简洁 机身 风格 金属 质感 符合 时尚性 配备 一块 3.0 英寸 ...
943,1,财经 华中 山东电力 企业 金银 基金 中标 山东电力 企业 投资 管理 山东电力 集团公司 国家电网 公司 下属 企业 规模 最大 企业 涵盖 员工 超过 4...
944,4,游戏 育碧 CEO 游戏 大作 推出 速度 提升 育碧 公司总裁 Yves Guillemot 外界 保证 称该 公司 加快 分裂细胞 刺客 信条 大作 产品 ...
945,0,科技 mm 超薄 卡片 富士 J26 外观 富士 FinePix J26 独特 双层 涂漆 工艺 漂亮 富有 光泽 机身 设计 继承 J 风格 mm 超薄 机身...
946,1,财经 基金 加仓 金融 地产 基金 公司 披露 季报 基金 经理 布局 数据 显示 金融 地产 有色金属 周期性 股票 受到 基金 经理 偏爱 股基 未现 赎回...
947,0,科技 配备 有效 像素 索尼 作者 陈亮 A500 画质 最大 优势 体现 有效 像素 Exmor CMOS 影像 传感器 BIONZ 影像 处理器 带来 IS...
948,1,财经 收评 指跌 0.44 七成 封基 下挫 财经 基指 开盘 全天 宽幅 震荡 截至 收盘 小幅 下跌 ETF 全线 下跌 七成 封基 下挫 基指 开盘 18...
949,1,财经 农银汇理 两只 基金 投有 优惠 农银汇理 基金 管理 公司 获悉 农银汇理 基金 旗下 两只 基金 产品 农业银行 交通银行 开展 基金 业内人士 震荡...
950,5,体育 谢亚龙 交待 口供 批捕 本报讯 谢亚龙 交代 东西 一周 满天飞 沈阳 传来 专案组 完成 突破 了解 谢亚龙 合作 口供 专案组 取得 进展 并不大 ...
951,0,科技 静态 有效 像素 索尼 SR87E 售价 作者 陈亮 北京 行情 索尼 SR87E 英寸 百万 像素 CCD 光学 变焦镜头 GB 硬盘容量 摄像机 新品...
952,4,游戏 九州 OL 风云 再起 跨服 决战 九州 online 资料片 风云 再起 火爆 精彩 赛事 高手 跨服 争霸赛 月度 比赛 临近 尾声 排行 截止 00...
953,0,科技 延续 完美 音质 艾诺 V6000HDR 艾诺 V6000 全部 变形金刚 人物 命名 V6000HDR 外号 飞毛腿 保持 低廉 价格 UI 界面 视频...
954,5,娱乐 常盘贵子 世纪 少年 人物 看点 娱乐 原著 漫画 常盘贵子 小学 朋友 漫画 藏书 当做 漫画店 第一次 世纪 少年 朋友 漫画 友情 友情 发展 漫画...
955,1,财经 基金 景宏 份派 2.1 易非 深圳 大成 基金 管理 公司 旗下 景宏 证券 投资 基金 公布 年度 分红 公告 全体 持有人 基金 份额 金红利 2....
956,5,娱乐 目标 希特勒 香港 首映 王秀琳 咸猪 娱乐 行动 目标 希特勒 香港 首映 Rosemary 寇鸿萍 元华 王秀琳 出席 首映礼 王秀琳 透露 香港 公...
957,3,体育 淘汰 老鹰 气死人 晋级 玄机 君子 报仇 十年 亚特兰大 老鹰 战胜 魔术 淘汰 对手 算是 横扫 过程 值得 东区 半决赛 魔术 场场 净胜 老鹰 2...
958,3,体育 热火 四年 TD 花园 赢球 韦德 打得 主场 北京 热火 开赴 波士顿 迎接 客场 挑战 领先 客场 主场 别提 四年 TD 花园 热火 TD 花园 赢...
959,0,科技 项链 动铁 耳机 iriver N20 作者 曹锐 iriver N20 延续 项链 设计 机身 小巧 携带 美观 搭载 动铁 耳机 备受 消费者 关注 ...
960,5,娱乐 组图 电影节 开幕 皮特 获颁 陈年 影帝 娱乐 北京 电影节 揭开 帷幕 布拉德 皮特 乔治 克鲁尼 挥别 红地毯 影迷 步入 电影 很多 影迷 遗憾 ...
961,0,科技 时尚 尖端 索尼 T900 现价 重庆 行情 索尼 推出 旗舰级 新品 索尼 T900 资料 报价 图片 论坛 震撼 亮相 消费者 延续 T700 时尚 ...
962,2,体育 湖人 最强 利刃 淘汰 边缘 出鞘 赌博 三番 湖人 主场 连失 两阵 历史 高度 主场 两场 赢得 系列赛 三支 球队 客场 挑战 小牛 历史 告诉 一...
963,5,娱乐 名花 上映 提前 引爆 情人节 娱乐 电影 娱乐 市场 赤壁 效应 影片 贺岁 总结 情人节 几部 特色 新片 排定 档期 法国 浪漫 爱情喜剧 名花 登...
964,1,财经 创业板 开闸 基金 瞄上 创业板 机会 晨报 陈重博 发布 首次 发行股票 创业板 上市 管理 暂行办法 办法 施行 基金 结合 政府 应对 全球 金融危...
965,5,娱乐 世纪 福斯 联合 星空 传媒 攻占 亚洲 电影 市场 娱乐 集团 旗下 成员 二十世纪 福斯 影业 星空 传媒 宣布 合资 组建 Fox STAR Stu...
966,5,娱乐 数字 D 电影 历险记 内地 上映 娱乐 中影集团 公司 引进 发行 数字 D 电影 历险记 观众 见面 百余家 支持 数字 三维 格式 影片 影院 上映...
967,4,游戏 手机游戏 三国 印魂 英雄 充值卡 乱世 英雄 社会 原有 秩序 打破 秩序 形成 时期 束缚 英雄 枭雄 辈出 中国 历史 精彩 乱世 三国 武艺超群 ...
968,1,财经 QDII 基金 首现 分红 本报讯 吴敏 两年 备受 争议 QDII 基金 首次 迎来 分红 海富通 中国 精选 基金 截至 分配利润 基准 份额 0.2...
969,0,科技 超值 性价比 产品 热门 MP3MP4 一览 作者 曹锐 面对 同质化 严重 数码产品 性价比 判断 产品 是否 值得 购买 基本 标准 外形 占优势 苹...
970,5,娱乐 美国 演员 工会 投票 是否 罢工 早报 程晓筠 编译 核心 提示 很多 人为 能否 保住 饭碗 不乏 打算 放弃 工作 美国 两轮 马拉松 谈判 美国 ...
971,4,游戏 手机 网游 封神 online 封神 ol 一种 潮流 究其原因 走访 封神 ol 资深 男宅 玩家 听到 一句 便是 封神 ol 馅饼 好事 不用 任务...
972,0,科技 靓丽 流线 造型 G 昂达 VX510 数码 大家 昂达 电子 旗下 潮流 新品 VX510 面市 昂达 vx510 数码 市场 掀起 一阵 风潮 笔者 ...
973,1,财经 座次 竞逐 QDII 首次 分红 一周 大盘 创出 新高 排名 基金 争夺 激烈 一周 排名 十只 基金净值 增长率 相差 不到 QDII 海富通 创出 ...
974,4,游戏 封神 ol 资料片 震撼 登场 公告 亲爱 封神 玩家 服务器进行 安装 客户端 具体 内容 资料片 封神 OL 决战 火爆 上线 首个 跨服 战场 浮云...
975,1,财经 风格 相近 基金 业绩 相差 性相近 习相远 晨星 标准 银瑞信 风格 相近 基金 基金 业绩 相差 银瑞信 风格 界定 统一标准 马薪婷 截至 晨星 数...
976,5,娱乐 希特勒 上映 阿汤哥 驾机 出游 泡汤 汤姆 克鲁斯 主演 进口 大片 行动 目标 希特勒 上映 来京 宣传 汤姆 克鲁斯 不能 成行 发行 透露 阿汤哥...
977,1,财经 中国 股权 投资 基金 协会 成立 证券时报 桂衍民 吴清桦 本报讯 获悉 国家 主管 单位 批准 设立 中国 股权 投资 基金 协会 登记注册 手续 民...
978,0,科技 超薄 纤细 时尚 卡片 索尼 T90 套装 带票 促销 中关村 数码相机 行情 T77 T90 很多 做出 明显 升级 增加 有效 像素 支持 流行 高清...
979,1,财经 观望 态度 基金 建仓 谨慎 徐婧婧 A股 市场 强势 反弹 成立 偏股 型基金 分享 市场 反弹 成果 除个别 基金 多数 基金 建仓 十分 谨慎 牛市...
980,3,体育 公牛 主帅 不会 修改 阵容 尔诺阿 值得 相信 北京 ESPN 撰文 披露 一场 战胜 亚特兰大 老鹰 比赛 业界 汤姆 是否 更换 阵容 轮换 回答 ...
981,1,财经 精选 个股 制胜 法宝 闻泽 A股 市场 呈现出 震荡 上行 走势 抓住 机遇 摆在 基金 经理 一道 国联安 精选 基金 经理 李洪波 A股 市场 孕育...
982,5,娱乐 日本 票房 瓦力 跃居 榜首 赤壁 英雄 日本 票房 排名 顺位 片名 日本 发行 公司 机器人 总动员 迪士尼 12.5 生存者 华纳 兄弟 公司 12...
983,1,财经 国海 富兰克林 基金 自购 富强 万元 全景网 日讯 国海 富兰克林 基金 公布 公司 拟于 代销 机构 申购 旗下 富兰克林 国海 强化 收益 债券 型...
984,5,娱乐 视觉效果 工会 奖提名 公布 钢铁 领跑 娱乐 北京 第七届 美国 电影 视觉效果 工会 Visual Effects Society Awards 简称...
985,3,体育 NBA 老兵 凋零 挥别 马刺 系列赛 第五场 马刺 依靠 经验 替补 后卫 加里 时刻 神奇 三分 扳平 比赛 马刺 实在 年轻人 孟菲斯 开场 不懈 ...
986,0,科技 高清 画幅 佳能 DMarkII 套机 G 中关村 数码影像 行情 佳能 D Mark II 有效 像素 画幅 单反相机 笔者 市场 了解 包含 mm f...
987,4,游戏 九州 风云 再起 全服 通缉 新春 九州 online 资料片 风云 再起 游戏 世界 处处 充满 迎接 喜庆 气氛 气氛 感染 仙灵 传出 九州 大地 ...
988,2,体育 疯狂 老板 秘密武器 德克 保持 战斗 中心 湖人 小牛 季后赛 第二轮 第三场 比赛 中心 观众 创造 中心 观众 人数 纪录 一片 夹杂着 几个 黄色...
989,1,财经 易方达 获金 基金 贡献奖 易方达 基金 管理 公司 上海 证券报 基金 贡献奖 奖项 旨在 表彰 基金 行业 基金 持有人 作出 特殊 贡献 基金 公司...
990,2,体育 火箭 禅师 接班人 步行者 婉拒 休城 要求 北京 ESPN 火箭队 湖人 提出 助教 布莱恩 请求 规则 规定 一支 球队 有意 球队 合约 工作人员 ...
991,1,财经 股票 型基金 重现 限购 基金 销售 A股 反弹 回暖 惊讶 大牛市 股基 限购 重现 市场 多只 基金 宣布 申购 限制 大额 申购 北站 支行 曹磊 ...
992,4,财经 雪球 智慧 授权 撰写 生平 传奇 作者 聊天 声称 世界 向下 连翻 带滚 接近 王者 本质 传记 滚雪球 两层 意味 第一层 投资 世界 火热 冷酷 ...
993,2,体育 调查 湖人 逆转 系列赛 赢家 北京 小牛 完成 下半场 客场 险胜 湖人 季后赛 第二轮 领先 相关 调查 NBA 官方 NBA 湖人 新闻动态 技术 ...
994,5,娱乐 冯小刚 盛赞 赵本山 弟子 后脑勺 娱乐 导演 冯小刚 来到 辽宁沈阳 中街 刘老根 舞台 观看 赵本山 弟子 搞笑 本领 赞赏 本山 传媒 总裁 刘双平...
995,1,财经 基金 QFII 上演 对决 见习 利民 证券时报 桂衍民 本报讯 机构 多空 决战 A股 市场 上演 信托 全国 基金 代表 机构 增仓 显著 仓位 增幅...
996,5,娱乐 护宝 娇娃 公映 俄罗斯 美女 搏击 新快报 印度 电影 俄罗斯 电影 吸引 部分 天使 面孔 性感 美女 一部 俄罗斯 电影 密码 疑云 内地 观众 见...
997,3,体育 生死 数据 暴涨 四倍 雷霆 板凳 主力 一场 比赛 相比 第一场 比赛 个人 犯规 很好 控制 犯规 次数 出场 延长 赢得 机会 相比 第一场 罚球 ...
998,4,游戏 金虎 迎春 霸王 II 金虎 迎春 来到 手机 网络游戏 霸王 II 新春 喜迎 开门 玩家 人数 霸王 II 一年 玩家 一起 开创 游戏 虎虎 声威 ...
999,5,娱乐 电影节 片单 公布 余力 樟柯 代表 娱乐 电影节 公布 竞赛 单元 全部 参赛 单元 内地 影片 香港 西河 星汇 出品 余力 执导 荡寇 展映 单元 ...
1000,1,财经 交银 环球 基金 申购 赎回 复活节 全景网 日讯 交银 施罗德 基金 公告 公司 旗下 交银 施罗德 环球 精选 价值 证券 投资 基金 市场 申购 赎...
